Timo,45319
Juha,45262
Matti,44321
Kari,41047
Mikko,38964
Antti,38360
Jari,38266
Jukka,34515
Mika,33764
Markku,33634
Pekka,33136
Hannu,30624
Heikki,29937
Seppo,28789
Janne,27714
Ari,27326
Sami,26332
Ville,25781
Marko,25271
Petri,24284
Lauri,23528
Jani,22869
Erkki,22791
Pentti,22251
Jorma,21170
Teemu,20347
Harri,20203
Eero,19280
Raimo,18953
Jaakko,18851
Jarmo,18843
Risto,18655
Jussi,18172
Pasi,18157
Esa,17324
Juho,17258
Pertti,17133
Martti,16926
Jouni,16876
Niko,16876
Toni,16792
Arto,16504
Reijo,16426
Veikko,16074
Markus,15840
Vesa,15594
Jouko,15591
Tomi,15520
Tuomas,15394
Olli,15326
Aleksi,15269
Esko,15084
Kimmo,14883
Joni,14545
Tommi,14398
Tero,13997
Joonas,13136
Henri,12689
Eetu,12354
Leo,11617
Kalle,11531
Ilkka,11468
Jarkko,11409
Paavo,11328
Pauli,11035
Jesse,11012
Eino,10719
Tuomo,10706
Joona,10554
Elias,9931
Tapio,9922
Jere,9875
Mikael,9652
Veli,9592
Juuso,9547
Matias,9348
Onni,9313
Keijo,9104
Simo,8977
Arttu,8860
Jyrki,8835
Lasse,8678
Leevi,8375
Juhani,8256
Aki,8084
Kai,7935
Mauri,7934
Toivo,7934
Riku,7881
Väinö,7807
Joel,7748
Niklas,7707
Otto,7629
Miika,7445
Kauko,7404
Jarno,7338
Reino,7246
Daniel,7079
Jan,7072
Niilo,7061
Veeti,7010
Rauno,6992
Valtteri,6913
Teuvo,6782
Rasmus,6418
Ossi,6186
Olavi,6174
Roope,6111
Ismo,5968
Tauno,5944
Veijo,5929
Santeri,5908
Anssi,5781
Oskari,5721
Anton,5698
Atte,5674
Osmo,5563
Aaro,5532
Oliver,5497
Vilho,5481
Miro,5461
Kalevi,5448
Asko,5427
Samuli,5344
Samu,5261
Aapo,5113
Samuel,5090
Emil,5036
Tuukka,5014
Lassi,4964
Kim,4934
Aimo,4891
Taisto,4863
Yrjö,4742
Johan,4589
Eemeli,4542
Roni,4454
Julius,4424
Topi,4409
Jimi,4367
Konsta,4295
Aarne,4292
Henry,4292
Henrik,4276
Karl,4276
Tarmo,4205
Tapani,4188
Miikka,4161
Tatu,4122
Akseli,4100
Mauno,4100
Jyri,4078
Erik,4070
Sakari,3996
Viljo,3977
Aatu,3976
Johannes,3962
Max,3889
Tom,3883
Alex,3877
Saku,3852
Sauli,3841
Patrik,3833
Ahti,3805
Arvo,3794
Ilpo,3783
Vili,3767
Kaarlo,3679
Alpo,3597
Eemil,3595
Kasper,3571
Kaj,3561
Lars,3533
Viljami,3509
Oiva,3476
Kristian,3464
Rami,3446
Veli-Matti,3435
Unto,3341
Jonne,3325
Peter,3301
Benjamin,3299
Kyösti,3244
Iiro,3229
Eeli,3201
Juha-Pekka,3184
Miska,3178
Eelis,3168
Lenni,3148
Heimo,3046
Jami,3028
Sampo,3013
Topias,3004
Jukka-Pekka,2952
Aulis,2921
Nico,2902
Sebastian,2879
Robert,2826
Pyry,2818
Otso,2798
Hans,2742
Teppo,2735
Tony,2718
Luka,2699
Urho,2695
Aaron,2689
Hugo,2658
Sulo,2574
Aku,2551
Petteri,2551
Thomas,2550
Alexander,2547
Leif,2533
Miko,2513
Santtu,2487
Ilari,2436
Nooa,2382
Perttu,2380
Panu,2376
Noel,2370
Robin,2317
Luukas,2308
Harry,2290
Veli-Pekka,2287
Carl,2256
Voitto,2253
Veikka,2238
Tomas,2229
Juha-Matti,2212
Peetu,2194
Elmeri,2174
Olli-Pekka,2165
Jonas,2148
Urpo,2117
Rainer,2105
John,2100
Jasper,2086
Ilmari,2073
Terho,2029
Nils,1985
Lucas,1955
Antero,1946
Aarno,1934
Nuutti,1934
Christian,1927
Aatos,1908
Paul,1902
Tino,1894
Oskar,1892
Klaus,1874
Teijo,1865
Reima,1861
Joonatan,1847
Lukas,1826
Aarre,1780
Anders,1772
Bengt,1757
Stefan,1757
Lari,1751
Aarni,1748
Joakim,1745
Hannes,1737
Severi,1723
Kaapo,1701
Stig,1693
Tommy,1647
Kasperi,1644
Ari-Pekka,1640
Arvi,1631
Oscar,1628
Frans,1618
Justus,1610
Axel,1601
Rolf,1594
Alvar,1575
Karri,1567
Jesper,1555
Sisu,1545
Sven,1535
Luca,1526
Andreas,1519
Marcus,1511
Kalervo,1503
William,1502
Jori,1494
Martin,1475
Manu,1474
Erno,1470
Kurt,1454
Ali,1437
Jerry,1411
Elmo,1398
Tenho,1388
Mats,1381
Kimi,1377
Kenneth,1370
Taneli,1365
Ralf,1355
Jooa,1338
Touko,1314
Timi,1312
Jari-Pekka,1275
Patrick,1271
Taavi,1270
Rauli,1268
Vertti,1250
Simon,1247
Bo,1242
Jonathan,1235
Viktor,1233
Per,1228
Björn,1226
Fredrik,1207
Verneri,1203
Raine,1178
Eemi,1176
Milo,1168
Jiri,1159
Felix,1158
Michael,1158
Heino,1152
Juhana,1137
Linus,1132
Mico,1124
Kevin,1117
Mohamed,1084
Eerik,1068
Casper,1065
Kosti,1057
Ulf,1054
Dan,1052
Tuure,1044
Tobias,1029
Jan-Erik,1021
David,1011
Sampsa,1005
Mathias,997
Artturi,995
Helge,990
Niki,964
Adam,935
Edvin,934
Ville-Veikko,925
Armas,923
Christer,914
Allan,912
Visa,912
Magnus,908
Erkka,901
Bror,898
Auvo,896
Jens,896
Noah,894
Ilmo,878
Taito,871
Victor,846
Iikka,840
Alf,838
Kjell,827
Krister,820
Roger,816
Jose,811
Eliel,809
Jalo,809
Joose,805
Tiitus,798
Valto,798
Ukko,792
Petrus,791
Sasu,789
Jeremias,782
Albert,766
Marco,766
Niclas,765
Teo,761
Jussi-Pekka,759
Aleksanteri,756
Vesa-Matti,755
Göran,750
Altti,749
Waltteri,749
Jimmy,741
Antton,726
Kaarle,726
Isto,725
Jon,722
Okko,721
Börje,717
Jonatan,716
Leon,716
Nikolas,712
Filip,707
Jarl,706
Niila,700
Ahmed,676
Johnny,670
Roy,663
Nicolas,657
Richard,653
Iivo,650
Paulus,648
Oula,646
Liam,642
Eric,641
Tor,640
Elia,639
Noa,639
Iivari,631
Gabriel,623
Turo,620
Jim,619
Torsti,611
Jonni,609
Dennis,600
Vincent,598
Venni,585
Tim,584
Andrei,580
Hemmo,575
Rene,575
Ilja,574
Christoffer,568
Nicholas,561
Mio,555
Rafael,552
Reko,552
Ben,550
Ensio,550
Aamos,547
Håkan,547
Åke,547
Isak,546
Eevert,545
Mark,540
Bjarne,538
Jalmari,532
Hermanni,531
Sam,521
Atso,519
Petja,516
Kauno,515
Frank,513
Ville-Pekka,512
Nikolai,509
Adrian,506
Raino,505
Theo,504
Usko,503
Vesa-Pekka,501
Miki,500
Gunnar,498
Pietari,494
Jasu,492
Walter,492
Jare,491
Juri,490
Dani,489
Eppu,484
Mirko,481
Aron,478
Vladimir,474
Eljas,470
Aapeli,466
Elis,466
Amos,465
Antti-Jussi,463
Arno,459
Guy,457
Valter,455
Arne,453
Mohammad,442
Kari-Pekka,437
Jaro,433
Aukusti,432
Neo,431
Gustav,430
Georg,424
Toimi,421
Christopher,418
Pontus,416
Antti-Pekka,415
Kaius,414
Sten,414
Aatto,406
Pekko,406
Boris,405
Ronny,403
Einari,402
Omar,400
Nicklas,396
Arsi,395
Turkka,395
Aksel,394
Samppa,388
Elliot,387
Aleksandr,383
Into,382
Kent,382
Rune,379
Tage,379
Antto,376
André,375
Klas,373
Mattias,373
Sergei,363
Ivan,362
Jakob,362
Kristoffer,359
Romeo,355
Soini,355
Mikke,354
Asmo,348
Wille,347
Mohammed,345
Maxim,343
Osku,343
Nestori,342
Artur,341
Uuno,341
Jonny,338
Elmer,336
Ibrahim,335
Bruno,334
Joa,334
Pavel,332
Igor,331
Van,330
Arthur,329
Ole,327
Nino,325
Orvo,324
Matts,322
Vilppu,322
Ruben,319
Ville-Petteri,319
Anttoni,316
Albin,314
Philip,314
Wilhelm,314
Muhammad,312
Abdirahman,311
Svante,311
Nikita,310
Amir,308
Pietu,308
Herman,303
Aleksander,302
James,302
Joosua,302
Karo,302
Mitja,302
Pete,302
Alvin,301
Lennart,300
Valde,299
Aake,298
Jacob,297
Esa-Pekka,294
Kasimir,294
Viljam,294
August,292
Roman,292
Hannu-Pekka,291
Karim,290
Maximilian,290
Pirkka,290
Erkko,288
Jari-Matti,288
Jean,288
Ove,288
Ville-Matti,288
Vihtori,287
Denis,286
Edward,285
Alfred,284
Aleksis,283
Herkko,283
Mertsi,283
Per-Erik,282
Valo,282
Arvid,281
Evert,281
Jörgen,281
Jack,280
Olof,280
Gösta,279
Marius,279
Asser,278
Petro,278
Roland,278
Bernt,277
Einar,277
Ohto,276
Sune,276
Edvard,275
Ari-Matti,273
Iisakki,273
Kaino,273
Birger,271
Nikke,271
Masi,270
Petter,270
Maunu,269
Torsten,268
Totti,268
Benny,267
Joachim,266
Jason,265
Joshua,265
Aleksei,262
Aslak,261
Jake,261
Abdullahi,260
Rikhard,260
Verner,259
Juho-Pekka,258
Kuisma,258
Jaani,257
Berndt,255
Ernst,254
Rony,254
Timo-Pekka,253
Julian,251
Eeti,249
Ivar,249
Jetro,249
Dimitri,248
Dick,247
Oleg,247
Karl-Erik,246
Ted,246
Immo,245
Mustafa,242
Konstantin,240
Peik,239
Alvari,238
Knut,238
Charles,237
Anselmi,236
Jone,235
Lars-Erik,235
Pessi,235
Carl-Johan,234
Ian,231
Maksim,231
Jasse,230
Manuel,230
Samir,230
Sergey,230
Bertel,227
Manne,225
Renne,225
Mårten,224
Olli-Matti,224
Kare,223
Wiljami,221
Dominic,220
Hassan,220
Miio,220
Ingmar,219
Anthony,218
Iisak,218
Ronnie,218
Mikhail,217
Veini,217
Ola,216
Simeon,216
Casimir,215
Eddie,215
Milton,214
Raul,214
Dmitri,213
Wilmer,213
Yngve,213
Conny,212
Melvin,212
Ahmad,211
Alec,210
Alexandre,210
Matthew,210
Staffan,210
Ville-Valtteri,209
Antonio,206
Tore,206
Kennet,205
Edwin,203
Jermu,203
Yusuf,203
Jali,202
Joe,202
Mike,202
Rauni,202
Sture,200
Caj,199
Jani-Petteri,199
Kerkko,199
Olle,198
Jaska,197
Kirill,197
Wäinö,197
Aappo,196
Frej,196
Holger,196
Rico,195
Aarto,194
Benjam,194
Glenn,193
Hussein,190
Simo-Pekka,190
Sixten,190
Nemo,189
Kuutti,188
Leonard,188
Ami,187
Andrey,187
Huugo,187
Isac,187
Jeremia,187
Miiko,187
Carlos,185
Hamza,185
Jarko,184
Kristo,183
Mihail,183
Jesperi,182
Jusa,182
René,182
Sören,182
Ron,181
Terno,181
Helmer,179
Sami-Pekka,178
Hemmi,177
Mehmet,177
Andrew,176
Karl-Johan,176
Atro,175
Folke,175
Fred,175
Kari-Matti,174
Marc,174
Micke,174
Remu,172
Rudolf,172
Sami-Petteri,172
Harald,171
Leonardo,171
Valentin,171
Viggo,171
Gustaf,170
Aate,168
Levi,168
Abdi,167
Tristan,167
Elja,166
Kaspian,166
Ken,166
Said,166
Saska,166
Vilhelm,166
Alexey,165
Benjami,165
Ismail,163
Kauri,162
Ossian,162
Dmitry,161
Zacharias,160
Cristian,158
Jan-Peter,157
Rickard,157
Torbjörn,156
Jan-Mikael,155
Artem,154
Jani-Pekka,154
Henrikki,153
Josef,153
Thor,153
Amin,152
Juho-Matti,152
Alexi,151
Alfons,151
Uolevi,151
Anas,150
Esa-Matti,150
Uula,150
Valeri,149
Khalid,148
Kusti,148
Matteus,148
Sakke,148
Joseph,147
Mahamed,147
Risto-Matti,147
Daniil,146
Kullervo,146
Miiro,146
Bertil,145
Miklas,145
Aati,144
Niko-Petteri,144
Saul,144
Per-Olof,143
Hiski,142
Niilas,142
Werner,142
Kaj-Erik,141
Eikka,140
Akusti,139
Alvi,139
Elo,139
Jero,139
Lenny,139
Liinus,139
Ragnar,139
Sulevi,139
Titus,139
Hasan,138
Juan,138
Alexei,137
Mitro,137
Janne-Pekka,136
Ryan,136
Clas,135
Jaajo,135
Milan,135
Torolf,135
Colin,133
Abdul,132
Jirka,132
Luke,132
Misa,132
Anttu,131
Kustaa,131
Matti-Pekka,131
Vikke,131
Greger,130
Morris,130
Sven-Erik,130
Vinski,130
Juha-Petri,129
Verne,129
Jyry,128
Abdullah,127
Eeka,127
Sammy,127
Vadim,127
Jiro,126
Nathan,126
Eevertti,125
George,125
Jeremy,125
Juhamatti,125
Myrsky,125
Alpi,124
Curt,124
Eduard,124
Miku,124
Muhammed,124
Riku-Pekka,124
Ville-Markus,124
Alexis,123
Claes,123
Juha-Petteri,123
Roberto,123
Edgar,122
Micael,122
Mikko-Pekka,122
Rabbe,122
Werneri,122
Charlie,121
Leino,121
Ludvig,121
Minh,121
Ahto,120
Valle,120
Valtti,120
Alan,119
Elian,119
Jaan,119
Theodor,119
Fabian,118
Pär,118
Valdemar,118
Asla,116
Jeri,116
Juska,116
Tyko,116
Vladislav,116
Roi,115
Tami,115
Vidar,115
Elvis,114
Hampus,114
Nils-Erik,114
Osman,114
Otava,114
Rufus,114
Thanh,114
Uljas,114
Harto,113
Md.,113
Wiljam,113
Anatoli,112
Auno,112
Patric,112
Sean,112
Silvo,112
Eerikki,111
Jussi-Petteri,111
Luis,111
Andre,110
Bo-Erik,110
Karlo,110
Måns,110
Raoul,110
Aksu,109
Evgeny,109
Ture,109
Zakaria,109
Emir,108
Timothy,108
Weeti,108
Milko,107
Remi,107
Runar,106
Taavetti,106
Mauritz,105
Arimo,104
Jasperi,104
Jaako,103
Jakke,103
Kalle-Pekka,103
Aale,102
Olav,102
Riki,102
Rolle,102
Dylan,101
Finn,101
Jeremi,101
Kosmo,101
Miguel,101
Riku-Petteri,101
Stanislav,101
Toomas,101
Emilio,100
Jouka,100
Keimo,100
Carl-Erik,99
Deniz,99
Jerker,99
Yasin,99
Asseri,98
Eki,98
Emre,98
Jan-Olof,98
Valtter,98
Vili-Valtteri,98
Chris,97
Ari-Jukka,96
Bilal,96
Carlo,96
Jan-Henrik,96
Kenny,96
Pedro,96
Tuisku,96
Adnan,95
Aleks,95
Eemu,95
Mario,95
Vitali,95
Eero-Pekka,94
Ethan,94
Kristofer,94
Pehr,94
Sakarias,94
Jussa,93
Sameli,93
Semi,93
Urmas,93
Claus,92
Nestor,92
Pepe,92
Aki-Petteri,91
Brian,91
Lemmy,91
Rurik,91
Dante,90
Evan,90
Ilyas,90
Jani-Matti,90
Joni-Petteri,90
Ray,90
Selim,90
Steven,90
Elton,89
Mikki,89
Niku,89
Joni-Pekka,88
Matteo,88
Timur,88
Eliot,87
Emppu,87
Jerri,87
Antti-Juhani,86
Hans-Erik,86
Juuse,86
Leonid,86
Stephen,86
Wili,86
Ano,85
Emmanuel,85
Herbert,85
Joska,85
Lionel,85
Marlo,85
Ronald,85
Jamal,84
Ricardo,84
Dag,83
Joacim,83
José,83
Marek,83
Nick,83
Uno,83
Alarik,82
Ante,82
Fjalar,82
Huuko,82
Jan-Kristian,82
Nuuti,82
Veetu,82
Wilho,82
Jooel,81
Kian,81
Taimo,81
Tito,81
Jonah,80
Matthias,80
Michel,80
Mika-Petteri,80
Rayan,80
Veli-Jussi,80
Abdulkadir,79
Abel,79
Arman,79
Diego,79
Jan-Eric,79
Muhamed,79
Nicky,79
Rudi,79
Totte,79
Alessandro,78
Caspian,78
Isaac,78
Melker,78
Miikael,78
Antti-Ville,77
Carl-Gustav,77
Jyri-Pekka,77
Kaspar,77
Maximus,77
Pieti,77
Ralph,77
Sven-Olof,77
Timmy,77
Malte,76
Mika-Petri,76
Oliwer,76
Renny,76
Caius,75
Ekku,75
Ilppo,75
Olli-Petteri,75
Otto-Ville,75
Reetu,75
Dominik,74
Hasse,74
Jamie,74
Juho-Antti,74
Marlon,74
Mehdi,74
Reeti,74
Tarvo,74
Teodor,74
Hamid,73
Jamiel,73
Raymond,73
Riko,73
Aito,72
Jan-Markus,72
Jokke,72
Jona,72
Karl-Gustav,72
Mohamad,72
Quoc,72
Ruuben,72
Tahvo,72
Ilya,71
Louis,71
Mahdi,71
Miikkael,71
Mika-Matti,71
Morgan,71
Pablo,71
Eskil,70
Jirko,70
Josua,70
Md,70
Mohamud,70
Murat,70
Tero-Pekka,70
Youssef,70
Abbas,69
Ahmet,69
Armo,69
Arnold,69
Bert,69
Calle,69
Elvin,69
Ere,69
Eugen,69
Harri-Pekka,69
Jukka-Matti,69
Justin,69
Lenne,69
Matvei,69
Moritz,69
Nelson,69
Riku-Matti,69
Vieno,69
Alexandros,68
Aram,68
Arian,68
Helmeri,68
Juho-Petteri,68
Junnu,68
Mahad,68
Nikolaos,68
Stephan,68
Vilmer,68
Yahya,68
Hilding,67
Janne-Petteri,67
Juhapekka,67
Julle,67
Risto-Pekka,67
Tomi-Pekka,67
Viking,67
Andy,66
Franz,66
Hjalmar,66
Jony,66
Jussi-Matti,66
Leonel,66
Anthon,65
Jan-Anders,65
Kenth,65
Mika-Pekka,65
Musa,65
Carl-Gustaf,64
Duc,64
Elof,64
Launo,64
Ludwig,64
Malik,64
Ollipekka,64
Reh,64
Robi,64
Andres,63
Carl-Henrik,63
Ingvar,63
Jerome,63
Jordan,63
Lenna,63
Masa,63
Steve,63
Veli-Jukka,63
Vili-Petteri,63
Georgios,62
Josi,62
Jukka-Petteri,62
Nabil,62
Trygve,62
Andrea,61
Cay,61
Karlos,61
Konrad,61
Mici,61
Pauno,61
Serguei,61
Valio,61
Anh,60
Enzo,60
Kiril,60
Lalli,60
Lennu,60
Melwin,60
Nikolay,60
Pasi-Pekka,60
Sander,60
Timo-Jaakko,60
Yahye,60
Havu,59
Ilias,59
Janne-Matti,59
Kunto,59
Sasha,59
Scott,59
Seemi,59
Sipi,59
Tor-Erik,59
Zachary,59
Abdifatah,58
Ariel,58
Atle,58
Cedric,58
Emanuel,58
Imran,58
Joar,58
Jura,58
Karl-Henrik,58
Kuura,58
Mikko-Petteri,58
Ramin,58
Rikard,58
Velimatti,58
Willy,58
Alexandr,57
Damian,57
Mikail,57
Rio,57
Robertino,57
Salomo,57
Stig-Erik,57
Vaito,57
Waltter,57
Ville-Oskari,57
Yury,57
Ale,56
Algot,56
Arho,56
Francisco,56
Jari-Jukka,56
Kaapro,56
Nicke,56
Paolo,56
Seyed,56
Winston,56
Anto,55
Elijah,55
Johann,55
Jooseppi,55
Karel,55
Khaled,55
Mustapha,55
Ristomatti,55
Runo,55
Ruslan,55
Salomon,55
Veli-Heikki,55
Velu,55
Vilhelmi,55
Brandon,54
Damien,54
Egil,54
Eirik,54
Ermo,54
Feetu,54
Hoang,54
Keni,54
Lars-Johan,54
Mert,54
Quang,54
Aki-Pekka,53
Ate,53
Jari-Petteri,53
Jomi,53
Marcel,53
Miron,53
Petr,53
Rachid,53
Raineri,53
Riiko,53
Syed,53
Bernhard,52
Darin,52
Ernest,52
Halti,52
Matheo,52
Omer,52
Stig-Olof,52
Torvald,52
Ukko-Pekka,52
Waldemar,52
Alberto,51
Amar,51
Artti,51
Aston,51
Danny,51
Eeki,51
Jemi,51
Ngoc,51
Sayed,51
Toni-Pekka,51
Valte,51
Antoni,50
Antte,50
Christofer,50
Jevgeni,50
Paavali,50
Sigurd,50
Troy,50
Ömer,50
Adel,49
Adil,49
Anwar,49
Azad,49
Fredric,49
Glen,49
Isko,49
Jaakob,49
Juha-Antti,49
Kaleva,49
Konstantinos,49
Lassi-Pekka,49
Mahmoud,49
Marcos,49
Miso,49
Ricky,49
Saku-Petteri,49
Timofei,49
Aidan,48
Ayub,48
Carl-Magnus,48
Caspar,48
Faisal,48
Feliks,48
Huu,48
Jan-Christian,48
Jaron,48
Jayden,48
Jore,48
Juno,48
Lev,48
Lippo,48
Markko,48
Mostafa,48
Odin,48
Per-Ole,48
Stig-Göran,48
Veli-Mikko,48
Vesa-Heikki,48
Ville-Matias,48
Arttur,47
Bill,47
Don,47
Egor,47
Paulo,47
Sakariye,47
Tomy,47
Veli-Antti,47
Akram,46
Andrej,46
Ayman,46
Daniele,46
Derek,46
Ebbe,46
Kamal,46
Sammeli,46
Aapi,45
Alek,45
Diar,45
Ensi,45
Fritz,45
Haidar,45
Ilo,45
Juhan,45
Mateo,45
Niiles,45
Oke,45
Velipekka,45
Veli-Petteri,45
Danil,44
Georgi,44
Janek,44
Jani-Petri,44
Jeppe,44
Joni-Matti,44
Jukkapekka,44
Nasir,44
Niko-Pekka,44
Nisse,44
Paul-Erik,44
Pietro,44
Reza,44
Rinaldo,44
Salah,44
Bror-Erik,43
Dino,43
Eetu-Petteri,43
Erpo,43
Evald,43
Florian,43
Hanno,43
Marwan,43
Mino,43
Päivö,43
Saad,43
Taha,43
Taro,43
Toma,43
Viki,43
Yassin,43
Ari-Petteri,42
Armin,42
Aslan,42
Bo-Göran,42
Hussain,42
Ilia,42
Joosa,42
Jopi,42
Juha-Heikki,42
Jusu,42
Lari-Pekka,42
Lars-Olof,42
Liban,42
Muisto,42
Omid,42
Romi,42
Teddy,42
Terjo,42
Xuan,42
Aki-Matti,41
Francesco,41
Jan-Ole,41
Jari-Petri,41
Kai-Erik,41
Kirmo,41
Marko-Tapio,41
Päiviö,41
Retu,41
Zakariya,41
Adem,40
Amadeus,40
Antony,40
Danial,40
Farid,40
Francis,40
Hakim,40
Idris,40
Jasin,40
Jorge,40
Kay,40
Nici,40
Remo,40
Roine,40
Seeti,40
Seth,40
Stefano,40
Stepan,40
Tarik,40
Untamo,40
Vasili,40
Veka,40
Aku-Petteri,39
Arif,39
Hakan,39
Haris,39
Hong,39
Ioannis,39
Jedi,39
Jerkko,39
Joeli,39
Jymy,39
Pasi-Petteri,39
Tomi-Petteri,39
Toni-Petteri,39
Venne,39
Aadam,38
Ake,38
Artjom,38
Ayuub,38
Baran,38
Chi,38
Dimitrios,38
Eilo,38
El,38
Filipp,38
Göte,38
Hannu-Matti,38
Jalmar,38
Jan-Eerik,38
Jaroslav,38
Larry,38
Lauri-Pekka,38
Owen,38
Philippe,38
Rickhard,38
Sippo,38
Tatu-Pekka,38
Theodore,38
Walid,38
Aabel,37
Abdulahi,37
Adiel,37
Ammar,37
Aziz,37
Carl-Eric,37
Darius,37
Dave,37
Efe,37
Farhan,37
Freddy,37
Gert,37
Iisko,37
Jaso,37
Joosu,37
Kristjan,37
Maxwell,37
Mikko-Matti,37
Nathaniel,37
Pellervo,37
Tico,37
Valentino,37
Viacheslav,37
Vilgot,37
Ville-Mikko,37
Arttu-Pekka,36
Bastian,36
Daavid,36
Donald,36
Eetu-Pekka,36
Eli,36
Emin,36
Gary,36
Hadi,36
Hashim,36
Hüseyin,36
Juha-Mikko,36
Kasmir,36
Kenan,36
Khalil,36
Lamin,36
Miitri,36
Mikko-Ville,36
Misca,36
Noam,36
Raphael,36
Salman,36
Sylvester,36
The,36
Tien,36
Veli-Markku,36
Aku-Pekka,35
Arda,35
Birk,35
Can,35
Christos,35
Evgeni,35
Frey,35
Hanad,35
Hendrik,35
Joas,35
Jouna,35
Jörn,35
Nicolai,35
Nikola,35
Nilo,35
Olli-Heikki,35
Oma,35
Osvald,35
Reidar,35
Ronni,35
Samu-Petteri,35
Setti,35
Veerti,35
Volter,35
Aare,34
Aaretti,34
Aari,34
Abdel,34
Abdiaziz,34
Alejandro,34
Antti-Matti,34
Ari-Juhani,34
Arni,34
Bashir,34
Claudio,34
Dan-Erik,34
Dario,34
Devin,34
Egon,34
Ervo,34
Fatih,34
Feeli,34
Georgij,34
German,34
Grigori,34
Hans-Peter,34
Hector,34
Jeeli,34
John-Erik,34
Leander,34
Mikko-Matias,34
Milad,34
Musab,34
Onni-Pekka,34
Philipp,34
Ramses,34
Simopekka,34
Tuovi,34
Varma,34
Willem,34
Vitaly,34
Yasir,34
Yonis,34
Aaku,33
Abdulrahman,33
Aiden,33
Allu,33
Angelo,33
Asad,33
Berat,33
Brahim,33
Cameron,33
Cong,33
Cosmo,33
Erol,33
Gleb,33
Harun,33
Henning,33
Ismael,33
Ivo,33
Jay,33
Jüri,33
Jyri-Petteri,33
Lars-Göran,33
Lawrence,33
Matti-Juhani,33
Metin,33
Niels,33
Nilla,33
Otto-Pekka,33
Rino,33
Saman,33
Samy,33
Sante,33
Uki,33
Veli-Juhani,33
Younes,33
Yousef,33
Yunus,33
Östen,33
Abdirisak,32
Antti-Oskari,32
Arjo,32
Bob,32
Bogdan,32
Conrad,32
Farhad,32
Fedor,32
Fernando,32
Habib,32
Iivar,32
Ingemar,32
Jaki,32
Janiel,32
Janus,32
Jere-Petteri,32
Jouni-Pekka,32
Juho-Heikki,32
Juho-Ville,32
Keith,32
Kemal,32
Kyle,32
Lorenzo,32
Mahir,32
Miilo,32
Mirka,32
Mitri,32
Nikolaj,32
Pierre,32
Pyry-Petteri,32
Remy,32
Silas,32
Sinan,32
Sonny,32
Suleiman,32
Tuan,32
Vilko,32
Ville-Juhani,32
Aalto,31
Arash,31
Dean,31
Dion,31
Dmitrii,31
Gregory,31
Halil,31
Jaime,31
Jamil,31
Jeffrey,31
Jeremiah,31
Johny,31
Juho-Matias,31
Jürgen,31
Kari-Tapio,31
Koitto,31
Mortti,31
Nolan,31
Olivier,31
Olli-Jussi,31
Pate,31
Samu-Pekka,31
Siilas,31
Thure,31
Tord,31
Valery,31
Vennu,31
Viima,31
Vili-Veikko,31
Abdirashid,30
Aripekka,30
Danila,30
Edi,30
Eliah,30
Enis,30
Fuad,30
Gennadi,30
Janos,30
Javier,30
Josia,30
Juha-Ville,30
Jules,30
Kivi,30
Lars-Eric,30
Lars-Henrik,30
Léo,30
Love,30
Miklos,30
Misha,30
Oki,30
Onur,30
Salim,30
Sigvard,30
Sointu,30
Stanley,30
Tarek,30
Tor-Björn,30
Wertti,30
Ville-Veikka,30
Vito,30
Abdallah,29
Abdinasir,29
Abdurahman,29
Adolf,29
Ailo,29
Alessio,29
Anssi-Pekka,29
Antoine,29
Aro,29
Billy,29
Calvin,29
Ernesti,29
Frederick,29
Ismet,29
Jared,29
Jarre,29
Juha-Markus,29
Juuso-Petteri,29
Kalle-Petteri,29
Larri,29
Mahamud,29
Mainio,29
Marvin,29
Mauro,29
Mooses,29
Nima,29
Osma,29
Pyry-Pekka,29
Tan,29
Théo,29
Vesa-Petteri,29
Ville-Eemeli,29
Yoonis,29
Abdirahim,28
Abraham,28
Alho,28
Atlas,28
Aydin,28
Bryan,28
Christoph,28
Enes,28
Enrico,28
Gideon,28
Gilbert,28
Goran,28
Guido,28
Heikki-Pekka,28
Husein,28
Imad,28
Iouri,28
Jussipekka,28
Kaappo,28
Kamil,28
Kari-Juhani,28
Kris,28
Lauri-Matti,28
Lion,28
Luqman,28
Maurits,28
Miles,28
Nuno,28
Pekka-Juhani,28
Remus,28
Ridwan,28
Rodi,28
Saku-Pekka,28
Sami-Petri,28
Sulho,28
Tani,28
Ukri,28
Walle,28
Vesa-Jukka,28
Abukar,27
Antti-Veikko,27
Benyamin,27
Enver,27
Erkan,27
Ervin,27
Hamse,27
Hartti,27
Henri-Pekka,27
Jaakko-Pekka,27
Jari-Juhani,27
Jimmie,27
Joosef,27
Jori-Pekka,27
Kai-Markus,27
Kalle-Matti,27
Leimu,27
Leopold,27
Mergim,27
Micah,27
Mustafe,27
Ramazan,27
Rane,27
Rudy,27
Santiago,27
Veeti-Valtteri,27
Ville-Antti,27
Xavier,27
Ylermi,27
Zakariye,27
Abdirizak,26
Ako,26
Alain,26
Alban,26
Andi,26
Arvin,26
Aryan,26
Asa,26
Bernard,26
Björn-Erik,26
Connor,26
Duy,26
Eddy,26
Eepi,26
Eero-Matti,26
Evgueni,26
Fabio,26
Federico,26
Helke,26
Joni-Markus,26
Joonas-Petteri,26
Juha-Veikko,26
Karolus,26
Lee,26
Mohsen,26
Nikko,26
Orhan,26
Pasi-Matti,26
Peder,26
Peeter,26
Ramon,26
Reini,26
Sasa,26
Simeoni,26
Sumu,26
Tanu,26
Tom-Erik,26
Trong,26
Umar,26
Ville-Heikki,26
Ville-Joonas,26
Ville-Samuli,26
Wilton,26
Yousif,26
Abdimalik,25
Aden,25
Alireza,25
András,25
Ardian,25
Are,25
Artin,25
Ayoub,25
Carolus,25
Dage,25
Damir,25
Eduardo,25
Eren,25
Fatmir,25
Feija,25
Ferhat,25
Gerhard,25
Gia,25
Hamsa,25
Jani-Markus,25
Jax,25
Jukka-Tapio,25
Jyri-Matti,25
Kai-Kristian,25
Kaiku,25
Kaj-Olof,25
Karwan,25
Lasse-Pekka,25
Liiban,25
Lorenz,25
Mattis,25
Matvey,25
Michele,25
Mick,25
Milian,25
Milos,25
Mirco,25
Miroslav,25
Misael,25
Nalle,25
Niko-Matti,25
Olli-Veikko,25
Ora,25
Peitsa,25
Per-Henrik,25
Rashid,25
Rick,25
Sami-Matti,25
Sani,25
Sébastien,25
Solomon,25
Tariq,25
Tero-Matti,25
Thien,25
Tomasz,25
Tryggve,25
Vasily,25
Veli-Markus,25
Viatcheslav,25
Viet,25
Vinh,25
Yannick,25
Aatami,24
Abbe,24
Aiman,24
Aldo,24
Alwin,24
Antti-Petteri,24
Ara,24
Attila,24
Austin,24
Bekim,24
Dahir,24
Douglas,24
Elliott,24
Ernesto,24
Faruk,24
Felipe,24
Giuseppe,24
Gustavo,24
Henno,24
Heppu,24
Iippo,24
Jarto,24
Jere-Pekka,24
Jethro,24
Juha-Tapio,24
Juho-Jaakko,24
Jurkka,24
Kadir,24
Kai-Mikael,24
Kassu,24
Kim-Erik,24
Kirka,24
Kurt-Erik,24
Leo-Pekka,24
Manfred,24
Maxime,24
Nikodemus,24
Petros,24
Rani,24
Riku-Ville,24
Sacha,24
Saif,24
Serhat,24
Shahin,24
Sigge,24
Stefanos,24
Terry,24
Tyler,24
Vili-Pekka,24
Ville-Waltteri,24
Villiam,24
Abdelaziz,23
Abdulla,23
Abdurrahman,23
Abu,23
Ari-Heikki,23
Ari-Jussi,23
Ari-Petri,23
Arlo,23
Dmytro,23
Ezra,23
Fouad,23
Giovanni,23
Hardy,23
Hossein,23
Jackson,23
Janne-Juhani,23
Jeemi,23
Jerko,23
Jiko,23
Jommi,23
Josa,23
Jun,23
Kerim,23
Le,23
Logan,23
Majid,23
Margus,23
Markos,23
Mica,23
Nader,23
Naser,23
Nikki,23
Olli-Juhani,23
Reda,23
Rein,23
Sakri,23
Timo-Juhani,23
Veli-Petri,23
Vesa-Petri,23
Wictor,23
Wincent,23
Vjatseslav,23
Vu,23
Yki,23
Abdiqani,22
Afrim,22
Alaa,22
Aleksandar,22
Andréas,22
Anselm,22
Antti-Eemeli,22
Antti-Heikki,22
Arseni,22
Bruuno,22
Carl-Axel,22
Carl-Oscar,22
Cedrik,22
Dana,22
Dmitrij,22
Driss,22
Eetu-Oskari,22
Elon,22
Espen,22
Fahad,22
Frans-Emil,22
Hamed,22
Heinz,22
Hessu,22
Hicham,22
Imre,22
Irfan,22
Jacques,22
Jami-Petteri,22
Jan-Ove,22
Jooas,22
Julien,22
Jurij,22
Khadar,22
Lenni-Kalle,22
Mete,22
Nichlas,22
Noureddine,22
Nur,22
Oleksandr,22
Onni-Oskari,22
Poju,22
Raikko,22
Robbie,22
Ruu,22
Saarni,22
Saeed,22
Sandro,22
Tarkko,22
Terje,22
Trung,22
Valon,22
Weikka,22
Veli-Ville,22
Abdellah,21
Abubakar,21
Adi,21
Ailu,21
Aku-Matti,21
Albion,21
Antreas,21
Aras,21
Ba,21
Baris,21
Bengt-Erik,21
Brage,21
Efraim,21
Egzon,21
Erland,21
Faysal,21
Freddie,21
Frederik,21
Gerald,21
Gunder,21
Hermann,21
Jama,21
Jan-Krister,21
Janrik,21
Jarl-Erik,21
Jegor,21
Joni-Petri,21
Juhopekka,21
Julio,21
Karrar,21
Leonidas,21
Lino,21
Mason,21
Matti-Petteri,21
Michail,21
Miika-Matias,21
Miran,21
Neil,21
Nicolás,21
Osama,21
Ossi-Pekka,21
Pirkka-Pekka,21
Rahim,21
Ringo,21
Rodrigo,21
Roomeo,21
Sami-Jussi,21
Sami-Ville,21
Shawn,21
Siimon,21
Tiko,21
Timo-Matti,21
Tomás,21
Tomek,21
Tommie,21
Touho,21
Upi,21
Urban,21
Wiggo,21
Wiljo,21
Yan,21
Yann,21
Aape,20
Abderrahmane,20
Agim,20
Aldin,20
Almir,20
Alper,20
Amer,20
Amine,20
Anatoly,20
Anttijussi,20
Aran,20
Bruce,20
Bujar,20
Cai,20
Caleb,20
Carl-Christian,20
Carl-Olof,20
Dany,20
Davide,20
Davin,20
Edin,20
Eeropekka,20
Emerik,20
Emile,20
Ensar,20
Ewan,20
Fadi,20
Firas,20
Georges,20
Georgy,20
Guled,20
Haider,20
Hannu-Heikki,20
Ilkka-Kristian,20
Jalle,20
Jan-Christer,20
Jan-Michael,20
Jiska,20
Juko,20
Jusuf,20
Kalle-Antti,20
Kalle-Oskari,20
Karl-Gustaf,20
Karl-Olof,20
Karl-Oskar,20
Kouta,20
Lars-Åke,20
Liibaan,20
Louie,20
Matti-Jussi,20
Micky,20
Mubarak,20
Nando,20
Nasim,20
Nikolaus,20
Niro,20
Olaf,20
Ollimatti,20
Olli-Mikko,20
Penna,20
Per-Johan,20
Petrik,20
Prince,20
Ramzi,20
Rebwar,20
Reni,20
Riccardo,20
Roobert,20
Salmaan,20
Sebastien,20
Serkan,20
Silver,20
Thommy,20
Walther,20
Vesa-Ville,20
Zaid,20
Abdirisaq,19
Alen,19
Alvaro,19
Amit,19
Andriy,19
Antonios,19
Arben,19
Ari-Mikko,19
Artto,19
Besnik,19
Burhan,19
Darren,19
Dominick,19
Eeri,19
Erfan,19
Furkan,19
Gaius,19
Gholam,19
Heikki-Juhani,19
Hendry,19
Hubert,19
Ilhan,19
Jeff,19
Jere-Matti,19
Jesse-Petteri,19
Jockum,19
Juho-Oskari,19
Jukka-Petri,19
Kaiho,19
Kilian,19
Lahja,19
Lari-Matti,19
Leni,19
Léon,19
Manh,19
Marios,19
Massimo,19
Maximillian,19
Mihhail,19
Mikko-Juhani,19
Murad,19
Nadir,19
Natanael,19
Nathanael,19
Nils-Johan,19
Nils-Olof,19
Nuka,19
Panu-Petteri,19
Pehr-Erik,19
Per-Åke,19
Piotr,19
Ronan,19
Sami-Jukka,19
Samson,19
Sandor,19
Sem,19
Sharif,19
Solmu,19
Sverre,19
Timoteus,19
Wei,19
Veli-Martti,19
Vellu,19
Viliam,19
Yassine,19
Yuusuf,19
Adan,18
Ahvo,18
Akira,18
Amadou,18
Antti-Jaakko,18
Arkan,18
Armend,18
Aso,18
Ati,18
Atilla,18
Atri,18
Axl,18
Bayram,18
Besim,18
Björn-Olof,18
Carl-Mikael,18
Constantin,18
Crister,18
Demir,18
Dexter,18
Didrik,18
Erick,18
Esapekka,18
Esa-Petteri,18
Evgenii,18
Feeliks,18
Franco,18
Grigory,18
Hai,18
Harrison,18
Hemming,18
Henric,18
Ilkka-Pekka,18
Jaakko-Juhani,18
Jaanus,18
Jafar,18
Jakov,18
Jonnie,18
Jontte,18
Joona-Petteri,18
Juha-Jaakko,18
Juuso-Pekka,18
Kai-Pekka,18
Kamran,18
Kari-Jukka,18
Kari-Jussi,18
Kasim,18
Kerem,18
László,18
Maks,18
Marko-Tapani,18
Meelis,18
Moses,18
Muscab,18
Naim,18
Nils-Göran,18
Norman,18
Olli-Ville,18
Onni-Matti,18
Paju,18
Peeti,18
Per-Eric,18
Rebin,18
Riad,18
Rocco,18
Rodney,18
Rohan,18
Ropi,18
Saabir,18
Safet,18
Salar,18
Savva,18
Soni,18
Soran,18
Tauri,18
Teemu-Pekka,18
Thai,18
Timitri,18
Tommi-Petteri,18
Uuras,18
Veli-Veikko,18
Vesamatti,18
Wiktor,18
Vili-Veikka,18
Ville-Kalle,18
Wilson,18
Yosef,18
Zakari,18
Zana,18
Abdikarim,17
Abdirahmaan,17
Abshir,17
Aleksej,17
Alve,17
Ansu,17
Antti-Mikael,17
Artan,17
Avni,17
Babak,17
Basil,17
Bore,17
Brendan,17
Caro,17
Cem,17
Cemal,17
Cevin,17
Danilo,17
Emran,17
Enrique,17
Farah,17
Ferdinand,17
Ghulam,17
Gökhan,17
Hari,17
Heinrich,17
Hisham,17
Ilmar,17
Immanuel,17
Isa,17
Iska,17
István,17
Jan-Åke,17
Jere-Matias,17
Jesse-Pekka,17
Jibril,17
João,17
Josiah,17
Juho-Mikko,17
Kai-Petteri,17
Kalle-Ville,17
Kari-Petteri,17
Kawa,17
Kristopher,17
Kuuno,17
Kåre,17
Leart,17
Loke,17
Luan,17
Marno,17
Meo,17
Michal,17
Mihkel,17
Mikkel,17
Niko-Petri,17
Onni-Kalle,17
Pawel,17
Per-Håkan,17
Rami-Pekka,17
Renni,17
Rida,17
River,17
Rodion,17
Sabah,17
Saleh,17
Salem,17
Serge,17
Sergio,17
Sharmarke,17
Sirwan,17
Teemu-Petteri,17
Timofey,17
Toni-Markus,17
Valfrid,17
Velmeri,17
Velmu,17
Wilhelmi,17
Ville-Aleksi,17
Ville-Hermanni,17
Ville-Jussi,17
Wolf,17
Wolfgang,17
Yaroslav,17
Yasser,17
Yonatan,17
Abdelkader,16
Abdihakim,16
Abdullaahi,16
Adriano,16
Alf-Erik,16
Alpertti,16
Amjad,16
Anis,16
Anttipekka,16
Arhi,16
Ari-Veikko,16
Ari-Ville,16
Art,16
Besart,16
Bülent,16
Castor,16
Christophe,16
Cian,16
Cody,16
Demian,16
Dilan,16
Dinh,16
Diyar,16
Dorian,16
Ebrahim,16
Eddi,16
Edmond,16
Ehsan,16
Emad,16
Emrah,16
Enso,16
Fadil,16
Félix,16
Fidel,16
Filippo,16
Firat,16
Fredrick,16
Geoffrey,16
Hans-Olof,16
Hektor,16
Henkka,16
Iipo,16
Imraan,16
Indrek,16
Ioan,16
Jari-Heikki,16
Jarkko-Pekka,16
Jesse-Joonas,16
Jimmi,16
Jonte,16
Juho-Kusti,16
Juho-Tuomas,16
Kaj-Mikael,16
Kalle-Eemeli,16
Kalle-Juhani,16
Khaalid,16
Kjell-Erik,16
Leif-Erik,16
Mahmud,16
Malek,16
Markku-Pekka,16
Mateus,16
Matt,16
Maxi,16
Mickey,16
Miiku,16
Mikko-Oskari,16
Miro-Matias,16
Mirza,16
Morad,16
Muaad,16
Najib,16
Nasser,16
Natan,16
Nuur,16
Onni-Eemeli,16
Pami,16
Raed,16
Raman,16
Reimo,16
Rex,16
Rian,16
Rinor,16
Rocky,16
Ross,16
Salih,16
Samer,16
Samuele,16
Samu-Ville,16
Semen,16
Senad,16
Serdar,16
Sherif,16
Tahir,16
Tao,16
Tiago,16
Tiera,16
Timjami,16
Toby,16
Tran,16
Trevor,16
Tri,16
Ulrik,16
Umut,16
Veija,16
Veli-Hannu,16
Veli-Pentti,16
Ville-Vesa,16
Vilpas,16
Voima,16
Volmari,16
Yuri,16
Zoltán,16
Abdalla,15
Aivar,15
Ajan,15
Aku-Ville,15
Alexandru,15
Amon,15
Antonis,15
Arbnor,15
Aren,15
Arlind,15
Artemi,15
Arton,15
Arto-Pekka,15
Ata,15
Ayhan,15
Cary,15
Cengiz,15
Cole,15
Ekke,15
Elijas,15
Elion,15
Erdal,15
Erkka-Pekka,15
Erkki-Mikael,15
Evangelos,15
Farzad,15
Fedja,15
Feodor,15
Geir,15
Gennady,15
Harold,15
Heikki-Matti,15
Heimer,15
Hemi,15
Ingvald,15
Jakub,15
Jalal,15
Jan-Magnus,15
Jan-Patrik,15
Jari-Antti,15
Juho-Kalle,15
Ka,15
Kajo,15
Kale,15
Kami,15
Kelvin,15
Kie,15
Kieran,15
Klas-Erik,15
Lewis,15
Mahmood,15
Make,15
Mart,15
Masoud,15
Mauricio,15
Mesut,15
Mihka,15
Mika-Juhani,15
Mikel,15
Mir,15
Morten,15
Mubashir,15
Muhsin,15
Mustaf,15
Nikos,15
Oska,15
Ousman,15
Paul-Henrik,15
Péter,15
Raikas,15
Ram,15
Ramadan,15
Raphaël,15
Sakaria,15
Sami-Antti,15
Seelim,15
Shane,15
Sigfrid,15
Simi,15
Stavros,15
Sunny,15
Tatu-Matti,15
Thorolf,15
Timka,15
Timo-Petteri,15
Timo-Tapio,15
Tommaso,15
Toni-Matti,15
Toni-Petri,15
Ugur,15
Ulf-Erik,15
Uoti,15
Uwe,15
Wai,15
Veli-Valtteri,15
Villematti,15
Ville-Pertti,15
Virmo,15
Vitaliy,15
Yacine,15
Zakarias,15
Zaki,15
Aadolf,14
Aapro,14
Abderrahim,14
Abdiasis,14
Abdulaziz,14
Adnaan,14
Akim,14
Aki-Petri,14
Alexandro,14
Alfonso,14
Aman,14
Amiin,14
Andrés,14
Andrus,14
Antti-Jukka,14
Arin,14
Armando,14
Armi,14
Arn,14
Arun,14
Astor,14
Bajram,14
Bedri,14
Behzad,14
Bernd,14
Burak,14
Carl-Fredrik,14
Craig,14
Daud,14
Dima,14
Ebrima,14
Edmund,14
Eldar,14
Elwin,14
Ensti,14
Erwin,14
Esra,14
Faris,14
Faton,14
Gabriele,14
Guillermo,14
Haakon,14
Hiwa,14
Horst,14
Iiro-Pekka,14
Iman,14
Ingolf,14
Jani-Mikael,14
Jannis,14
Jari-Markus,14
Jaripekka,14
Jeton,14
Joan,14
Jocke,14
Jude,14
Juho-Eemil,14
Jusef,14
Juusa,14
Jörg,14
Kaan,14
Kai-Eerik,14
Karam,14
Kareem,14
Karl-Magnus,14
Karol,14
Khac,14
Latif,14
Mahmut,14
Malcolm,14
Markku-Juhani,14
Marko-Juhani,14
Masud,14
Matti-Mikael,14
Matts-Erik,14
Mentor,14
Mies,14
Miika-Markus,14
Mishka,14
Mourad,14
Muad,14
Muhamad,14
Muslim,14
Nhat,14
Nico-Petteri,14
Nipa,14
Nour,14
Onni-Matias,14
Ossi-Petteri,14
Otto-Oskari,14
Panu-Pekka,14
Per-Anders,14
Per-Göran,14
Rafik,14
Rai,14
Rain,14
Randy,14
Reuben,14
Sabir,14
Saki,14
Saku-Matti,14
Santino,14
Semih,14
Shaun,14
Shayan,14
Siim,14
Sirius,14
Stuart,14
Sverker,14
Tamás,14
Tane,14
Taoufik,14
Taru,14
Thore,14
Thorvald,14
Timo-Jukka,14
Tomer,14
Travis,14
Vanja,14
Vedat,14
Vesa-Veikko,14
Wihtori,14
Villeveikko,14
Vitalii,14
Volmar,14
Vyacheslav,14
Vänni,14
Yakup,14
Zion,14
Abdishakur,13
Agron,13
Akam,13
Akif,13
Aki-Jussi,13
Akke,13
Alari,13
Amiir,13
Andrzej,13
Antti-Mikko,13
Aris,13
Áron,13
Arseny,13
Asto,13
Axu,13
Bakhtiar,13
Bekir,13
Béla,13
Benja,13
Blake,13
Cao,13
Carl-Göran,13
Carsten,13
Casmir,13
Csaba,13
Dan-Anders,13
Danel,13
Davi,13
Deni,13
Derrick,13
Eben,13
Edon,13
Eemel,13
Eeno,13
Eino-Juhani,13
Eino-Pekka,13
Ekrem,13
Emiliano,13
Ercan,13
Erich,13
Erkki-Jussi,13
Erkki-Pekka,13
Esaias,13
Esu,13
Gordon,13
Grels,13
Hamzah,13
Hamze,13
Hans-Göran,13
Hansi,13
Hardi,13
Hung,13
Hunter,13
Ilan,13
Ilir,13
Iljas,13
Ilyaas,13
Immu,13
Jahn,13
Janis,13
Jan-Sebastian,13
Jaromir,13
Joannis,13
Joao,13
Joni-Mikael,13
Josse,13
Juha-Veli,13
Jukka-Tapani,13
Karl-Anton,13
Kiri,13
Lare,13
Lars-Peter,13
Lior,13
Lulzim,13
Lyly,13
Maher,13
Mamadou,13
Mano,13
Margo,13
Marian,13
Mehran,13
Mickael,13
Mika-Markus,13
Mirsad,13
Mischa,13
Momodou,13
Muhannad,13
Muharrem,13
Munasar,13
Munir,13
Musse,13
Nabeel,13
Norbert,13
Oktay,13
Otto-Emil,13
Pavlos,13
Penjami,13
Pette,13
Petu,13
Phi,13
Pohto,13
Pär-Erik,13
Rahman,13
Rahul,13
Raiko,13
Ransu,13
Repe,13
Rieti,13
Roki,13
Sabri,13
Sascha,13
Seif,13
Semir,13
Sergiy,13
Sid,13
Simo-Petteri,13
Sinuhe,13
Süleyman,13
Tam,13
Tanel,13
Terence,13
Tero-Petteri,13
Timo-Jussi,13
Timo-Tapani,13
Tommo,13
Toni-Mikael,13
Topi-Matti,13
Usama,13
Vasilij,13
Weikko,13
Veino,13
Veli-Tapani,13
Veli-Tapio,13
Vesa-Tapio,13
Viimo,13
Vili-Verneri,13
Ville-Tapio,13
Ville-Tuomas,13
Vilmeri,13
Volkan,13
Volodymyr,13
Xander,13
Yaasir,13
Yaqub,13
Yilmaz,13
Yousuf,13
Abdikadir,12
Abdillahi,12
Abdisalam,12
Abdulqadir,12
Adrien,12
Aleksandros,12
Angel,12
Antti-Einari,12
Antti-Tapio,12
Anuar,12
Araz,12
Arber,12
Ares,12
Arri,12
Arsen,12
Asher,12
Asse,12
Auku,12
Bahman,12
Bashkim,12
Benedict,12
Bengt-Olof,12
Bilaal,12
Blerim,12
Cajus,12
Camilo,12
Clas-Göran,12
Claude,12
Dmitriy,12
Dome,12
Doni,12
Eetu-Matti,12
Eetu-Ville,12
Eetvi,12
Ele,12
Elmar,12
Elyas,12
Enok,12
Erion,12
Esa-Jussi,12
Esa-Petri,12
Ewert,12
Eyal,12
Fatos,12
Fikret,12
Finlay,12
Finley,12
Fitim,12
Franklin,12
Fride,12
Gani,12
Granit,12
Hamdi,12
Hani,12
Hanne,12
Hawkar,12
Heikki-Tapio,12
Helmut,12
Henri-Mikael,12
Huima,12
Ihsan,12
Ikenna,12
Iko,12
Ion,12
Israel,12
Issa,12
Jann,12
Janne-Markus,12
Jarek,12
Jari-Jussi,12
Jari-Mikko,12
Jari-Tapio,12
Jauri,12
Jayson,12
Jico,12
Joah,12
Joël,12
Jon-Erik,12
Joni-Juhani,12
Joona-Pekka,12
Joonathan,12
Jousia,12
Juha-Markku,12
Juha-Pertti,12
Jussi-Heikki,12
Jussi-Mikko,12
Kaarne,12
Kai-Juhani,12
Kaijus,12
Kalle-Valtteri,12
Kalle-Veikko,12
Karipekka,12
Karzan,12
Kelpo,12
Klas-Göran,12
Kosma,12
Kristen,12
Kushtrim,12
Lars-Ole,12
Lassi-Matti,12
Laurent,12
Leandro,12
Lex,12
Lorentz,12
Lorik,12
Lowe,12
Mansur,12
Marat,12
Marko-Mikael,12
Marko-Pekka,12
Mats-Erik,12
Matte,12
Mattia,12
Matti-Esko,12
Mihku,12
Miihkali,12
Mukhtar,12
Nali,12
Nicola,12
Nils-Eric,12
Nizar,12
Noar,12
Noé,12
Noël,12
Noor,12
Olli-Antti,12
Ollie,12
Olli-Oskari,12
Outi,12
Panagiotis,12
Patu,12
Pedram,12
Phuoc,12
Piko,12
Pjotr,12
Raimond,12
Reine,12
Reittu,12
Rikumatti,12
Rory,12
Rostislav,12
Sadiq,12
Salam,12
Sameer,12
Sándor,12
Shaho,12
Sony,12
Styrbjörn,12
Taave,12
Taher,12
Tempo,12
Thiago,12
Thorbjörn,12
Thord,12
Thorsten,12
Todd,12
Toni-Kristian,12
Toni-Tapio,12
Tonny,12
Tyson,12
Udo,12
Valdo,12
Waleed,12
Valeriy,12
Veli-Kalle,12
Wiliam,12
Ville-Sakari,12
Vinha,12
Visa-Pekka,12
Vsevolod,12
Yahia,12
Yaxye,12
Youcef,12
Zain,12
Zeb,12
Ziad,12
Abas,11
Abd,11
Abdellatif,11
Abdulaahi,11
Adar,11
Al,11
Alfredo,11
Alieu,11
Altin,11
Antti-Ilari,11
Antti-Matias,11
Ardit,11
Ari-Juha,11
Ario,11
Arkadi,11
Arte,11
Ashraf,11
Atos,11
Barry,11
Behar,11
Beni,11
Bjørn,11
Cecil,11
Collin,11
Cristiano,11
Daan,11
Damon,11
Dimitris,11
Dirk,11
Ebenezer,11
Emmett,11
Emrik,11
Endrit,11
Erko,11
Eugene,11
Fahim,11
Fehmi,11
Florent,11
Gael,11
Gazmend,11
Gerard,11
Gottfrid,11
Guennadi,11
Haci,11
Han,11
Haron,11
Haroun,11
Hayden,11
Hayder,11
Heljo,11
Hemminki,11
Huy,11
Ila,11
Inge,11
Innocent,11
Jaakko-Matti,11
Janko,11
Jan-Martin,11
Jan-Roger,11
Jari-Veikko,11
Jarkko-Juhani,11
Jasir,11
Jasmin,11
Jeriko,11
Jesse-Juhani,11
Jimy,11
Jino,11
Johan-Erik,11
Joni-Kristian,11
Jonttu,11
Joopi,11
Jori-Matti,11
Jouni-Matti,11
Juha-Erkki,11
Juho-Erik,11
Juhomatti,11
Junno,11
Jussi-Joonas,11
Jyri-Petri,11
Kai-Petri,11
Kaj-Henrik,11
Kajus,11
Kalid,11
Karri-Pekka,11
Kastriot,11
Kert,11
Kien,11
Kim-Henrik,11
Kim-Johan,11
Koda,11
Krisse,11
Kristof,11
Ledion,11
León,11
Leroy,11
Lias,11
Lloyd,11
Lotfi,11
Luuka,11
Maahir,11
Mansour,11
Marcello,11
Marko-Petteri,11
Mascuud,11
Matthieu,11
Matti-Veikko,11
Maurice,11
Mertzi,11
Mika-Erik,11
Mika-Tapio,11
Miro-Petteri,11
Mitjo,11
Nael,11
Nazar,11
Nguyen,11
Nhu,11
Nic,11
Nihat,11
Noeli,11
Okan,11
Onni-Elmeri,11
Oscari,11
Pelle,11
Raafael,11
Raivo,11
Ramesh,11
Ramiz,11
Remzi,11
Roope-Oskari,11
Roshan,11
Rui,11
Rupert,11
Sadik,11
Saeid,11
Salvatore,11
Sami-Kristian,11
Sead,11
Semmi,11
Shahram,11
Shwan,11
Sipan,11
Sofiane,11
Soheil,11
Steffen,11
Sten-Olof,11
Suhaib,11
Suheyb,11
Sunil,11
Tamer,11
Teri,11
Tero-Tapio,11
Timo-Heikki,11
Toive,11
Tommi-Pekka,11
Turjo,11
Wael,11
Vahid,11
Walton,11
Veli-Erkki,11
Veli-Jaakko,11
Venneri,11
Wenni,11
Vesa-Antti,11
Wesley,11
Vexi,11
Ville-Mikael,11
Villepekka,11
Ville-Tapani,11
Ville-Veli,11
Wisam,11
Visa-Matti,11
Visar,11
Ykä,11
Yrjänä,11
Zakarie,11
Zoran,11
Zsolt,11
Aapo-Matti,10
Abdelghani,10
Abdelkarim,10
Abdiwali,10
Abdiweli,10
Abdoulie,10
Abdukadir,10
Adrián,10
Ajdin,10
Ajmal,10
Akil,10
Akilles,10
Aleksey,10
Alon,10
Amel,10
Anatolij,10
Anil,10
Anse,10
Anthonio,10
Antti-Olli,10
Arion,10
Ari-Tapio,10
Arsalan,10
Arsim,10
Arttu-Eemeli,10
Arwid,10
Assar,10
Atte-Oskari,10
Augustin,10
Axeli,10
Badr,10
Bahram,10
Barham,10
Bashiir,10
Bennet,10
Berk,10
Carl-Anders,10
Carson,10
Cemil,10
Cesar,10
Conor,10
Cooper,10
Cyril,10
Dániel,10
Danyal,10
Dariush,10
Davy,10
Denys,10
Deon,10
Desmond,10
Dimi,10
Dimitar,10
Eero-Veikko,10
Eijo,10
Engin,10
Erasmus,10
Erling,10
Eron,10
Esamatti,10
Etvi,10
Fathi,10
Ferenc,10
Fidan,10
Fionn,10
Gavin,10
Georgii,10
Ghassan,10
Ghazi,10
Gil,10
Giulio,10
Hakon,10
Halit,10
Hans-Christian,10
Hans-Henrik,10
Hany,10
Harras,10
Harro,10
Hassen,10
Haydar,10
Hedi,10
Henri-Matias,10
Hristo,10
Ibraahim,10
Idiris,10
Isaiah,10
Ishak,10
Isse,10
Jaarli,10
Jaden,10
Jan-Emil,10
Jan-Gustav,10
Jan-Håkan,10
Jani-Jukka,10
Jani-Kristian,10
Jannik,10
Janno,10
János,10
Jari-Juha,10
Jarimatti,10
Jasmo,10
Jean-Paul,10
Jehki,10
Jelmeri,10
Jerkka,10
Jerzy,10
Jesus,10
Jian,10
Joackim,10
Jochen,10
Jonne-Pekka,10
Joona-Matias,10
Joonia,10
Jori-Petteri,10
Josias,10
Josu,10
Joutsi,10
Juha-Mikael,10
Juho-Aleksi,10
Junior,10
Jussi-Tuomas,10
Jussi-Ville,10
Jyrki-Pekka,10
Kaj-Gustav,10
Kaj-Johan,10
Kalle-Markus,10
Kambiz,10
Kamu,10
Karar,10
Kardo,10
Kari-Antti,10
Kari-Veikko,10
Karl-Anders,10
Karl-Gunnar,10
Kaveh,10
Kille,10
Kim-Peter,10
Kingsley,10
Kwok,10
Lahoucine,10
Lari-Petteri,10
Lauri-Juhani,10
Leith,10
Lennie,10
Lennon,10
Luc,10
Luiz,10
Lumo,10
Luucas,10
Makar,10
Marcin,10
Mariwan,10
Matin,10
Matti-Tapio,10
Maximiliam,10
Melik,10
Miclas,10
Miika-Matti,10
Miikka-Matias,10
Mikko-Jussi,10
Modou,10
Mokhtar,10
Moussa,10
Moustafa,10
Mubarik,10
Muhamet,10
Murtada,10
Nabiil,10
Nadeem,10
Navid,10
Nietos,10
Niko-Markus,10
Niko-Ville,10
Obinna,10
Olli-Tapio,10
Olov,10
Onni-Ilmari,10
Otto-Eemeli,10
Ozan,10
Pehr-Olof,10
Penja,10
Petar,10
Petri-Juhani,10
Phuc,10
Platon,10
Rafi,10
Ramiar,10
Rando,10
Rasul,10
Rebaz,10
Renat,10
Renato,10
Reo,10
Ridwaan,10
Roopert,10
Sai,10
Samba,10
Samiir,10
Samo,10
Samueli,10
Santtu-Pekka,10
Seán,10
Sere,10
Sergej,10
Set,10
Seve,10
Shahid,10
Sheikh,10
Shuaib,10
Simo-Heikki,10
Sohrab,10
Sorjo,10
Stig-Ole,10
Sulaiman,10
Suleyman,10
Suune,10
Sven-Eric,10
Sylvain,10
Tate,10
Tomi-Matti,10
Topi-Pekka,10
Ukkopekka,10
Umberto,10
Vallu,10
Warren,10
Vassili,10
Veeli,10
Veli-Tuomas,10
Wen,10
Veniamin,10
Vesa-Mikko,10
Vesa-Valtteri,10
Vicente,10
Vide,10
Wilfred,10
Ville-Martti,10
Vincenzo,10
Wojciech,10
Väiski,10
Yaser,10
Yavuz,10
Ümit,10
Yoav,10
Younis,10
Yu,10
Yuriy,10
Yussuf,10
Zack,10
Zubair,10
Örjan,10
Tuula,31592
Anne,30616
Päivi,30266
Ritva,30107
Anna,30051
Leena,29292
Pirjo,28710
Sari,27880
Minna,27830
Marja,27340
Tiina,26004
Riitta,25948
Tarja,25035
Pirkko,24306
Laura,23578
Seija,22556
Eeva,22420
Aino,22358
Liisa,22358
Raija,22035
Anja,21897
Sirpa,21764
Jaana,21582
Satu,21566
Heidi,21398
Hanna,21348
Sanna,21124
Eila,20992
Eija,20507
Maria,20259
Merja,19884
Johanna,19508
Kirsi,19489
Arja,19109
Maija,18720
Paula,18107
Ulla,17848
Sirkka,17387
Jenni,16868
Elina,16267
Katja,15824
Mari,15162
Heli,15090
Anni,14943
Nina,14904
Raili,14838
Terttu,14758
Hilkka,14223
Kirsti,13998
Emma,13970
Mirja,13882
Helena,12894
Kaija,12627
Anu,12619
Tuija,12465
Niina,11723
Sara,11716
Emilia,11491
Kaisa,11375
Suvi,11243
Pia,11124
Saara,11016
Irma,11015
Tanja,10971
Aila,10965
Ella,10963
Jenna,10743
Leila,10739
Sofia,10554
Katri,10504
Maarit,10472
Kati,10435
Henna,10389
Marjo,10353
Lea,10250
Veera,10100
Noora,10072
Irja,9824
Susanna,9776
Riikka,9677
Julia,9575
Marja-Leena,9527
Iida,9479
Kerttu,9391
Outi,9303
Sinikka,9255
Mervi,9213
Taina,9182
Helmi,8902
Milla,8860
Jonna,8854
Virpi,8810
Emmi,8560
Miia,8421
Venla,8367
Marja-Liisa,8365
Sonja,8229
Tiia,8077
Marika,7753
Elli,7602
Siiri,7574
Lotta,7543
Terhi,7488
Elsa,7441
Sini,7311
Sanni,7310
Sisko,7309
Annika,7164
Vilma,7095
Aune,7052
Teija,7047
Mira,7033
Ida,6992
Mia,6773
Oona,6749
Maire,6654
Anita,6652
Essi,6492
Nea,6365
Airi,6279
Linda,6273
Piia,6237
Aada,6221
Taru,6153
Viivi,6110
Anneli,5991
Marita,5782
Petra,5723
Anna-Liisa,5684
Elisa,5485
Roosa,5461
Erja,5454
Salla,5397
Silja,5346
Vuokko,5284
Pinja,5280
Iina,5219
Helvi,4991
Ronja,4908
Marjatta,4901
Krista,4869
Amanda,4865
Aili,4795
Inka,4758
Riina,4706
Enni,4649
Milja,4638
Jenny,4612
Marianne,4602
Marjut,4593
Lilja,4567
Martta,4531
Toini,4451
Salme,4450
Olivia,4419
Jasmin,4413
Eva,4366
Soile,4323
Eveliina,4307
Iiris,4199
Ilona,4153
Elvi,4138
Saana,4042
Kristiina,4027
Anniina,3999
Maija-Liisa,3986
Asta,3953
Katariina,3936
Ellen,3925
Hannele,3916
Aira,3911
Eevi,3906
Reetta,3886
Nelli,3812
Auli,3804
Sirkka-Liisa,3781
Laila,3778
Meeri,3769
Saija,3743
Linnea,3692
Rauni,3670
Alisa,3632
Maiju,3617
Pihla,3576
Minttu,3560
Taimi,3476
Heini,3458
Eira,3448
Jessica,3444
Kaisu,3425
Armi,3415
Meri,3332
Tuuli,3326
Nella,3222
Matilda,3192
Erika,3168
Pauliina,3126
Camilla,3117
Alina,3057
Rauha,2990
Neea,2980
Kaarina,2952
Sirkku,2939
Mirva,2932
Janina,2889
Sylvi,2863
Carita,2861
Karoliina,2829
Eeva-Liisa,2785
Oili,2784
Soili,2697
Senja,2692
Anna-Maija,2684
Hilla,2659
Maila,2658
Jutta,2634
Elena,2567
Olga,2557
Minea,2545
Irene,2544
Margit,2530
Lahja,2493
Mila,2475
Birgitta,2465
Ada,2453
Alli,2450
Irina,2437
Peppi,2404
Alma,2379
Tytti,2379
Hilja,2377
Netta,2337
Tea,2332
Vieno,2260
Mirka,2253
Maritta,2238
Saimi,2222
Anne-Mari,2212
Ulla-Maija,2165
Kiia,2159
Hilma,2155
Mona,2135
Marina,2131
Viola,2110
Helka,2109
Saga,2106
Tyyne,2085
Iris,2082
Sandra,2068
Saila,2060
Virve,2051
Annikki,2045
Senni,2045
Nora,2043
Kristina,2027
Lumi,2021
Stella,2018
Aini,2003
Hilda,1986
Jemina,1976
Janika,1975
Aija,1974
Eine,1957
Vilja,1934
Isla,1929
Susanne,1921
Karin,1918
Vappu,1903
Rosa,1899
Fanny,1886
Fanni,1876
Tuire,1873
Janette,1869
Taija,1854
Aava,1840
Juulia,1828
Wilma,1825
Elma,1824
Katriina,1823
Rita,1804
Alexandra,1790
Heta,1778
Hanne,1770
Inga,1761
Jade,1733
Janita,1732
Reija,1706
Monica,1690
Selma,1690
Natalia,1679
Riitta-Liisa,1678
Inkeri,1677
Minja,1677
Anette,1668
Birgit,1664
Lilli,1662
Hertta,1655
Moona,1634
Vera,1630
Salli,1616
Joanna,1610
Maisa,1604
Mirjam,1600
Marketta,1588
Isabella,1577
Varpu,1574
Eerika,1573
Eini,1554
Anna-Kaisa,1552
Irmeli,1543
Heljä,1538
Janna,1535
Helli,1533
Elsi,1514
Helga,1502
Frida,1498
Vanessa,1466
Titta,1445
Kia,1442
Anna-Maria,1423
Tuulikki,1421
Kerstin,1415
Mette,1412
Aurora,1388
Miisa,1387
Seela,1385
Christina,1374
Marjaana,1368
Lena,1366
Brita,1357
Raisa,1346
Iisa,1342
Anitta,1328
Marja-Terttu,1328
Tilda,1317
Kiira,1314
Kirsi-Marja,1314
Ninni,1299
Tuovi,1282
Tia,1257
Aliisa,1256
Mikaela,1255
Annukka,1252
Cecilia,1250
Lempi,1243
Laina,1237
Miina,1217
Inger,1208
Kyllikki,1205
Hanna-Mari,1204
Hanna-Leena,1193
Thi,1190
Ira,1177
Elin,1171
Melissa,1171
Reeta,1161
Berit,1155
Helinä,1152
Anna-Mari,1134
Kaisla,1134
Henni,1131
Elise,1120
Marja-Riitta,1119
Siv,1115
Barbro,1113
Raila,1109
Siru,1104
Tina,1104
Daniela,1103
Else,1089
Lisa,1089
Marianna,1089
Melina,1086
Carola,1085
Aura,1084
Sointu,1083
Tuulia,1079
Stina,1066
Malin,1065
Solveig,1045
Katarina,1043
Hely,1026
Svetlana,1016
Anna-Leena,1012
Pirkko-Liisa,1002
Valma,1001
Enna,999
Saima,999
Karita,996
Gunilla,973
Pilvi,972
Annina,969
Liina,969
Marie,966
Anne-Maria,965
Tinja,965
Marjo-Riitta,959
Saaga,959
Sanna-Mari,959
Teresa,958
Elle,954
Carina,952
Taika,948
Mimosa,942
Juuli,941
Neela,939
Maj-Britt,938
Lilian,930
Mea,929
Säde,924
Erin,921
Lina,917
Ester,911
Kira,911
Leea,908
Virva,902
Lyyli,897
Susan,897
Tessa,891
Eliisa,888
Diana,879
Monika,876
Henriikka,875
Greta,874
Victoria,872
Sarah,865
Inna,863
Hanna-Kaisa,862
Maija-Leena,861
Gun,859
Nanna,858
Milka,851
Tatiana,848
Astrid,840
Riia,836
Charlotta,833
Erica,831
Janica,829
Liisi,827
Aulikki,822
Janni,817
Gunnel,815
Bertta,807
Rebecca,806
Tellervo,806
Marjukka,804
Anne-Marie,798
Edith,794
Nadja,790
Josefiina,787
Åsa,785
Vivian,782
Harriet,779
Annu,776
Ansa,774
Adele,773
Mirjami,773
Margareta,769
Mirella,766
Maaret,764
Jasmine,754
Jatta,754
Ingrid,748
Aida,746
Gunvor,746
Lyydia,746
Alva,739
Pipsa,739
Nita,738
Rebekka,734
Aleksandra,733
Ebba,730
Nelly,724
Suoma,723
Ruut,721
Sohvi,721
Minka,718
Mimmi,716
Benita,715
Ruth,713
Onerva,707
Annamari,706
Verna,697
Piritta,694
Fiona,692
Rea,684
Pirita,680
Isa,677
Mailis,674
Iita,672
Ann-Mari,668
Doris,668
Lila,660
Orvokki,658
Ekaterina,654
Meea,646
Mirkka,639
Iines,638
Aamu,636
Malla,636
Isabel,635
Luna,634
Alice,633
Unna,631
Sofie,628
Anastasia,626
Lilia,626
Britta,625
Annette,624
Ava,623
Matleena,617
Ilmi,616
Selina,614
Minni,610
Yvonne,608
Ann,605
Sarita,605
Tove,604
Ina,602
Elna,597
Inari,597
Jennifer,594
Sylvia,588
Pirjo-Riitta,586
Regina,584
Amalia,582
Ilse,575
Maj-Lis,575
Raakel,574
Sabina,573
Kaino,570
Saini,570
Amelia,568
Hanna-Maria,566
Marju,562
Martina,561
Elviira,556
Impi,555
Viena,552
Elisabeth,541
Siri,541
Ines,540
Jasmiina,539
Christa,534
Patricia,534
Maya,533
Christel,531
Henna-Riikka,529
Milena,529
Tara,527
Ulrika,527
Hellevi,526
Carolina,524
Ritva-Liisa,522
Anne-Maarit,514
Eivor,513
Galina,513
Kielo,511
Helen,509
Ida-Maria,509
Valentina,508
Pirjo-Liisa,507
Signe,507
Sinna,507
Tatjana,505
Ria,503
Lisbeth,499
Emily,498
Hillevi,497
Selja,497
Bea,492
Eve,490
Jessika,489
Natalie,488
Veronica,485
Linn,484
Elisabet,483
Eija-Liisa,481
Siina,479
Sirja,476
Sanna-Kaisa,475
Livia,473
Eeva-Maria,465
Lydia,463
Noomi,463
Felicia,462
Agneta,460
Lara,455
Eeva-Maija,450
Esteri,450
Tua,449
Maaria,448
Claudia,446
Evelina,445
Charlotte,442
Meiju,441
Elvira,440
Sanna-Maria,439
Sani,438
Soila,436
Lily,435
Anna-Sofia,433
Alissa,431
Sofi,431
Silva,429
Vilhelmiina,425
Mary,422
Tamara,422
Ellinoora,421
Josefina,420
Lili,419
Märta,419
Michelle,414
Nicole,413
Iida-Maria,411
Agnes,410
Miranda,409
Helmiina,408
Anne-Maj,403
Stiina,403
Julianna,402
Loviisa,402
Nuppu,400
Christine,399
Jane,399
Teea,399
Assi,397
Lumia,397
Melinda,397
Hellä,395
Nathalie,393
Hannamari,392
Michaela,392
Rakel,390
Ulpu,388
Silvia,387
Heleena,385
Sarianna,385
Maili,383
Emelie,380
Jelena,380
Fiia,378
Roosa-Maria,378
Liinu,377
Jeanette,376
Bettina,375
Gun-Britt,374
Nana,374
Annemari,371
Caroline,371
Maj,371
Hellin,370
Hanna-Maija,368
Jannika,368
Briitta,364
Karla,363
Larissa,362
Aliina,359
Aina,356
Leena-Maija,356
Madeleine,354
Tiia-Maria,353
Amina,350
Kirsi-Maria,350
Linnéa,350
Ann-Marie,349
Elea,349
Svea,349
Moa,348
Sophie,348
Karolina,347
Pamela,347
Veronika,347
Gretel,346
Minna-Liisa,345
Nenna,343
Clara,342
Jasmina,339
Mandi,339
Eedit,338
Jarna,338
Raija-Liisa,336
Amelie,334
Hannah,334
Rebecka,334
Anelma,332
Alicia,331
Annastiina,330
Viktoria,330
Miira,328
Mirja-Liisa,327
Sophia,327
Milana,326
Lenita,324
Pernilla,324
Leeni,321
Ann-Christine,319
Beata,318
Maja,318
Mai,317
Edit,316
Mathilda,316
Henrietta,315
Lidia,315
Merita,315
Göta,314
Louna,313
Mariia,311
Gerd,310
Jenniina,309
Andrea,307
Vaula,307
Rosita,304
Maj-Len,303
Ramona,303
Helene,302
Marit,300
Rut,300
Yasmin,300
Kaarin,299
Aisha,298
Riika,298
Eeva-Kaisa,297
Erna,297
Hulda,297
Rosanna,297
Vivi,295
Iitu,294
Beatrice,293
Mariitta,293
Sanja,293
Jessi,292
Lisbet,288
Mari-Anne,288
Sonia,288
Leona,287
Samira,287
Hilppa,283
Ninja,282
Miriam,281
Salla-Mari,281
Hanna-Riikka,280
Sade,280
Annica,278
Bella,278
Thea,278
Eeva-Riitta,277
Kreetta,277
Arja-Liisa,276
Ursula,276
Carla,274
Eeva-Leena,274
Raita,274
My,273
Susa,272
Anri,271
Kaija-Leena,267
Karina,267
Margarita,267
Mariam,267
Angelica,262
Anna-Riikka,262
Salma,262
Kajsa,260
Britt-Marie,259
Fatima,258
Mariella,258
Nadia,258
Maija-Riitta,257
Viveka,257
Micaela,256
Miila,255
Paulina,255
Maikki,254
Marlene,254
Henrika,253
Ann-Christin,252
Bianca,252
Jadessa,251
Jennie,251
Rosa-Maria,251
Justiina,250
Ninna,250
Arja-Leena,248
Edla,247
Jenina,247
Anna-Riitta,246
Disa,246
Freja,246
Lia,246
Tiiu,245
Nette,244
Ylva,244
Louise,242
Susann,242
Viveca,242
Hanni,241
Melisa,239
Josefine,238
Maini,238
Anna-Lena,237
Else-Maj,237
Josefin,237
Meri-Tuuli,236
Auni,234
Klara,233
Sirke,233
Emilie,232
Ilta,232
Naomi,232
Suvi-Tuuli,232
Annakaisa,230
Auri,230
Dina,230
Laimi,230
Hjördis,229
Sirpa-Liisa,229
Anna-Kaarina,228
Marke,228
Eeva-Kaarina,227
Hanna-Liisa,227
Marleena,227
Eva-Maria,226
Lilly,226
Riitta-Leena,226
Telma,225
Aino-Maija,224
Ruusa,224
Britt,223
Ilma,223
Adelina,222
Arla,222
Jannica,222
Seidi,222
Zahra,222
Isabelle,221
Kaija-Liisa,221
Minna-Maria,221
Angelina,220
Anna-Lisa,220
Evi,220
Merja-Liisa,219
Ulla-Riitta,219
Amira,218
Pieta,218
Klaara,217
Sanelma,217
Sanna-Maija,217
Aino-Maria,216
Catharina,216
Leni,216
Sannamari,216
Katrina,215
Juliana,214
Sabrina,214
Sarianne,214
Cassandra,212
Emmiina,212
Sigrid,212
Liia,211
Maryam,211
Nancy,211
Eliina,209
Elmi,209
Noona,209
Solja,209
Tilde,209
Tinka,209
Janet,208
Maia,208
Pia-Maria,208
Usva,208
Jennika,207
Ann-Sofie,206
Daria,206
Heidi-Maria,206
Margita,206
Kukka,205
Lovisa,205
Päivikki,205
Etel,204
Ksenia,204
Molly,204
Rianna,204
Sienna,204
Wilhelmiina,204
Gabriella,202
Sanna-Leena,202
Elli-Noora,200
Sissi,200
May,199
Nadezda,199
Angela,198
Kukka-Maaria,198
Larisa,198
Marissa,198
Piitu,198
Tia-Maria,198
Minna-Mari,197
Eija-Riitta,196
Synnöve,196
Valeria,196
Bodil,195
Anne-Maija,194
Catarina,193
Reea,192
Ann-Britt,191
Annie,190
Ellinor,190
Alla,189
Liudmila,189
Sallamari,189
Filippa,188
Jana,188
Adessa,187
Carmen,187
Elizabeth,187
Satu-Maarit,187
Gurli,186
Magdalena,186
Vivan,186
Adalmiina,184
Marica,184
Mariel,184
Eleonora,183
Gunhild,183
Peppiina,183
Sally,182
Ani,181
Emmy,181
Kiti,181
Kamilla,180
Antonia,179
Jasmi,179
Sina,179
Lotte,178
Riitta-Maija,178
Ann-Sofi,177
Tekla,177
Kaisa-Leena,176
Katrin,176
Lyyti,176
Ruusu,176
Annele,175
Fia,175
Anne-Marja,173
Gertrud,173
Cindy,172
Juliaana,172
Suvi-Tuulia,172
Minerva,171
Venny,171
Celina,170
Inga-Lill,170
Annamaija,169
Ella-Maria,169
Ingegerd,169
Kirsikka,169
Kreeta,169
Amy,168
Tanya,168
Ethel,167
Ljudmila,167
Tiina-Liisa,167
Denise,166
Evita,166
Polina,166
Tarja-Leena,166
Gudrun,163
Adeliina,162
Meimi,162
Mimi,162
Adelia,161
Ana,161
Marta,160
Dagny,159
Elizaveta,159
Helle,159
Yulia,159
Gunborg,158
Ingeborg,158
Crista,157
Nellie,157
Raija-Leena,157
Rina,157
Hille,156
Margaretha,156
Ranja,156
Ann-Charlotte,155
Majlis,155
Ann-Kristin,154
Clarissa,154
Esther,154
Karen,154
Lucia,154
Fadumo,152
Iira,152
Katri-Helena,152
Annaleena,151
Henna-Maria,151
Mina,151
Anni-Maria,150
Pirjo-Leena,150
Manta,149
Margot,149
Milma,149
Thelma,149
Viia,149
Eden,148
Hedvig,148
Hilpi,148
Julie,148
Lisen,148
Tindra,148
Wenla,148
Klaudia,147
Santra,147
Tarja-Liisa,147
Ida-Sofia,146
Liana,146
Nanni,146
Rose,146
Tiia-Mari,146
Betty,145
Tiitu,145
Hannaleena,144
Rose-Marie,144
Theresa,144
Annamaria,142
Catherine,142
Martha,142
Stephanie,142
Cia,141
Selena,141
Tiina-Maija,141
Janniina,140
Kaisa-Maria,140
Tania,140
Aino-Kaisa,139
Leena-Kaisa,139
Nia,139
Maria-Liisa,138
Miia-Maria,137
Natasha,137
Jenni-Maria,136
Iia,135
Lumina,135
Sara-Sofia,135
Ulla-Britt,135
Annabella,134
Belinda,134
Liv,134
Maria-Leena,134
Melanie,134
Mia-Maria,134
Salla-Maria,134
Anna-Reetta,133
Fredrika,133
Gerda,133
Karola,133
Kata,133
Nina-Maria,133
Renja,133
Ann-Louise,132
Hilkka-Liisa,132
Laura-Maria,132
Saara-Maria,132
Gunnevi,131
Hanne-Mari,131
Judith,131
Milla-Maria,131
Eva-Liisa,130
Mariana,130
Marie-Louise,130
Marja-Sisko,130
Märtha,130
Miitta,129
Anna-Elina,128
Gabriela,128
Malva,128
Meri-Tuulia,127
Nilla,127
Ragni,127
Evelin,126
Malena,125
Ngoc,125
Oxana,125
Marisa,124
Niia,124
Oksana,124
Pulmu,124
Sanna-Liisa,124
Suvi-Päivikki,124
Vanamo,124
Aurelia,123
Cilla,123
Therese,123
Barbara,122
Cristina,122
Jenita,122
Judit,122
Ragnhild,122
Seija-Liisa,122
Eedla,121
Lola,121
Sofianna,121
Yasmine,121
Anna-Stina,120
Carin,120
Dana,120
Evelyn,120
Freya,120
Riikka-Liisa,120
Darja,119
Dorrit,119
Gun-Maj,119
Marian,119
Tiina-Maria,119
Evgenia,118
Menni,118
Natalja,118
Tiina-Mari,118
Daniella,117
Henna-Mari,117
Marikki,117
Nona,117
Senna,117
Angelika,116
Ia,116
Inge,116
Lioudmila,116
Nonna,116
Pälvi,116
Ritva-Leena,116
Anja-Riitta,115
Ann-Maj,115
Eeva-Marja,114
Kanerva,114
Kim,114
Minnea,114
Enja,113
Ghita,113
Janessa,113
Odessa,113
Friida,112
Ingela,112
Unelma,112
Zainab,112
Anna-Emilia,111
Anna-Kristiina,111
Annikka,111
Halla,111
Kristel,111
Nova,111
Merituuli,110
Pirre,110
Arina,109
Talvikki,109
Tilma,109
Yrsa,109
Eleonoora,108
Jennica,108
Ringa,108
Sivi,108
Ulla-Maria,108
Ellie,107
Linda-Maria,107
Linne,107
Merja-Riitta,107
Nitta,107
Tuula-Maija,107
Alena,106
Anisa,106
Iida-Sofia,106
Kaisa-Liisa,106
Katharina,106
Kitty,106
Marjaleena,106
Milaja,106
Monna,106
Nicola,106
Satu-Maria,106
Terese,106
Tuisku,106
Ann-Lis,105
Hedda,105
Lillemor,105
Oosa,105
Rachel,105
Saida,105
Suvi-Maria,105
Adriana,104
Liubov,104
Ona,104
Simone,104
Adina,103
Beda,103
Eimi,103
Maj-Gret,103
Myy,103
Nadejda,103
Safia,103
Ulla-Mari,103
Majvor,102
Peggy,102
Sahra,102
Alexia,101
Amal,101
Nelma,101
Sera,101
Serena,101
Annaliisa,100
Marion,100
Mirja-Leena,100
Runa,100
Ariana,99
Jetta,99
Josephine,99
Kiara,99
Lauha,99
Leah,99
Marja-Helena,99
Nicolina,99
Sari-Anne,99
Tuike,99
Alessia,98
Dora,98
Iman,98
Rhea,98
Ruska,98
Sira,98
Anne-Riitta,97
Antonina,97
Gunn,97
Ludmila,97
Norma,97
Paju,97
Sirje,97
Arja-Riitta,96
Daisy,96
Elsie,96
Juni,96
Leyla,96
Riikka-Maria,96
Saskia,96
Tyra,96
Britt-Mari,95
Jolanda,95
Maud,95
Raini,95
Sallamaari,95
Tyyni,95
Ulla-Marja,95
Nanne,94
Samantha,94
Eija-Leena,93
Emma-Sofia,93
Janiina,93
Milda,93
Rinna,93
Sylva,93
Vella,93
Wilhelmina,93
Vivia,93
Annariina,92
Neelia,92
Hanna-Riitta,91
Juliet,91
Peppi-Lotta,91
Sabine,91
Sinja,91
Ulrica,91
Alexa,90
Estrid,90
Gun-Lis,90
Mariela,90
Rania,90
Rilla,90
Seelia,90
Anna-Marja,89
Elmiina,89
Jekaterina,89
Kate,89
Zara,89
Anni-Mari,88
Gisela,88
Nikita,88
Sella,88
Tutta,88
Ainu,87
Hannakaisa,87
Irja-Liisa,87
Katerina,87
Minnamari,87
Serafiina,87
Alise,86
Anni-Sofia,86
Celine,86
Emmi-Lotta,86
Hafsa,86
Hellen,86
Hilve,86
Inga-Britt,86
Lulu,86
Lyydi,86
Nessa,86
Sonya,86
Tatja,86
Terja,86
Ulla-Maj,86
Urpu,86
Asma,85
Khadija,85
Ljubov,85
Minna-Leena,85
Minna-Maarit,85
Sara-Maria,85
Tita,85
Anja-Liisa,84
Kirsi-Maarit,84
Marija,84
Minna-Riitta,84
Tiina-Riitta,84
Tuula-Marja,84
Anna-Stiina,83
Ea,83
Emma-Lotta,83
Ewa,83
Hennariikka,83
Liisa-Maria,83
Mei,83
Mirette,83
Nada,83
Sumaya,83
Inez,82
Jannina,82
Kaisa-Mari,82
Kirsimarja,82
Leia,82
Maarika,82
Marjaliisa,82
Merike,82
Sanna-Maarit,82
Zeinab,82
Jennina,81
Milli,81
Sharon,81
Tiuku,81
Vellamo,81
Aniitta,80
Annabel,80
Anna-Katariina,80
Chloe,80
Anna-Karin,79
Fiina,79
Hani,79
Henny,79
Isabell,79
Jenna-Maria,79
Maura,79
Meira,79
Merja-Leena,79
Rauna,79
Rosaliina,79
Sini-Maria,79
Eea,78
Gunn-Britt,78
Helly,78
Hodan,78
Marja-Kaarina,78
Mirikli,78
Salla-Maaria,78
Valborg,78
Adela,77
Anitra,77
Anne-Kristiina,77
Mariann,77
Nanny,77
Ayan,76
Eela,76
Gina,76
Grace,76
Gunda,76
Hanna-Reetta,76
Line,76
Manda,76
Marja-Kaisa,76
Minna-Kaisa,76
Satu-Marja,76
Celia,75
Lauriina,75
Li,75
Raina,75
Valpuri,75
Alyssa,74
Asha,74
Gitta,74
Gitte,74
Maryan,74
Petriina,74
Pirkko-Leena,74
Sunna,74
Teresia,74
Ann-Katrin,73
Enne,73
Estelle,73
Inge-Maj,73
Jill,73
Kaija-Riitta,73
Meja,73
Opri,73
Tiina-Kaisa,73
Etta,72
Fatma,72
Thuy,72
Anna-Karoliina,71
Evelia,71
Ireene,71
Janetta,71
Juliette,71
Manna,71
Mianna,71
Sini-Tuulia,71
Thanh,71
Anna-Lotta,70
Anna-Maaria,70
Anne-Marita,70
Beeda,70
Enya,70
Hamdi,70
Huda,70
Isra,70
Jenni-Mari,70
Lana,70
Lucy,70
Mirkku,70
Nanette,70
Niina-Maria,70
Pirta,70
Ronya,70
Ensi,69
Katherine,69
Kiana,69
Liliana,69
Lotta-Maria,69
Mari-Anna,69
Sirkka-Leena,69
Taiga,69
Zoe,69
Anu-Riikka,68
Jonna-Maria,68
Liisa-Maija,68
Miida,68
Nadine,68
Nea-Maria,68
Nimo,68
Noor,68
Paola,68
Salla-Maarit,68
Sanna-Riikka,68
Sole,68
Suvituuli,68
Venja,68
Abigail,67
Aicha,67
Amélie,67
Anni-Kaisa,67
Cajsa,67
Kirsi-Mari,67
Meija,67
Minda,67
Nemi,67
Siviä,67
Terttu-Liisa,67
Venni,67
Bernice,66
Halima,66
Iina-Maria,66
Leonora,66
Lise,66
Mitra,66
Nelle,66
Ulriikka,66
Unni,66
Eriika,65
Lova,65
Marje,65
Mella,65
Vienna,65
Eelin,64
Eeva-Mari,64
Elif,64
Elli-Maija,64
Kristin,64
Kristine,64
Mariina,64
Neve,64
Renata,64
Tianna,64
Tora,64
Yasemin,64
Anastassia,63
Anna-Riina,63
Greetta,63
Merika,63
Pepita,63
Riina-Maria,63
Tii,63
Tiila,63
Zaida,63
Clary,62
Dagmar,62
Gia,62
Gloria,62
Katinka,62
Liselott,62
Marwa,62
Minttu-Maria,62
Mona-Lisa,62
Noora-Maria,62
Rigmor,62
Ros-Mari,62
Serafina,62
Veea,62
Anna-Greta,61
Berta,61
Hagar,61
Hilde,61
Leena-Marja,61
Marjo-Riikka,61
Miona,61
Oivi,61
Reine,61
Riitu,61
Seija-Riitta,61
Suzan,61
Uma,61
Albina,60
Anki,60
Emmi-Sofia,60
Hele,60
Hinni,60
Liida,60
Marjo-Liisa,60
Melek,60
Minttu-Maaria,60
Tiana,60
Una,60
Ayaan,59
Eerin,59
Evy,59
Jamila,59
Milla-Mari,59
Mindi,59
Sanne,59
Sarina,59
Sorja,59
Suvi-Maaria,59
Tarja-Riitta,59
Wera,59
Annmari,58
Cara,58
Chiara,58
Eevaliisa,58
Eevastiina,58
Görel,58
Helin,58
Jamina,58
Kaari,58
Miia-Mari,58
Miili,58
Naima,58
Penni,58
Viva,58
Aana,57
Aino-Elina,57
Aino-Sofia,57
Anni-Elina,57
Bettiina,57
Corinne,57
Edna,57
Eliana,57
Emili,57
Hanna-Maarit,57
Irma-Liisa,57
Jenna-Mari,57
Kikka,57
Lene,57
Lioubov,57
Lisette,57
Mary-Ann,57
Najma,57
Rahma,57
Siiri-Sofia,57
Silla,57
Suvi-Päivi,57
Suzanne,57
Tuuli-Maria,57
Ullamaija,57
Vanja,57
Veera-Maria,57
Ayla,56
Esra,56
Inka-Maria,56
Maryama,56
Nadezhda,56
Roza,56
Satu-Maaria,56
Anu-Maarit,55
Ella-Mari,55
Emine,55
Engla,55
Eriikka,55
Erja-Liisa,55
Eva-Lisa,55
Jenika,55
Kastehelmi,55
Kersti,55
Kitta,55
Leena-Maria,55
Maritza,55
Muusa,55
Pia-Liisa,55
Riikka-Leena,55
Sini-Maaria,55
Violetta,55
Adalmina,54
Anne-May,54
Aya,54
Donna,54
Halimo,54
Hanna-Maaria,54
Janine,54
Katja-Maria,54
Kirsten,54
Maijastiina,54
Pirja,54
Satu-Sinikka,54
Shukri,54
Sol-Britt,54
Stefanie,54
Tarja-Tuulikki,54
Toive,54
Tuua,54
Veela,54
Aimi,53
Aino-Liisa,53
Anna-Helena,53
Cornelia,53
Eda,53
Ella-Noora,53
Emina,53
Flora,53
Gea,53
Ifrah,53
Irena,53
Kaisu-Leena,53
Katri-Maria,53
Laura-Kaisa,53
Leija,53
Lillian,53
Menna,53
Minna-Maija,53
Mirelle,53
Misa,53
Olena,53
Pauline,53
Tova,53
Viliina,53
Anni-Maija,52
Anu-Maria,52
Catrin,52
Dalia,52
Eeva-Stiina,52
Elissa,52
Eva-Stina,52
Hanan,52
Hildur,52
Ilana,52
Katia,52
Keiju,52
Kirsti-Liisa,52
Lise-Lotte,52
Lolan,52
Magda,52
Maija-Kaisa,52
Mari-Johanna,52
Moonika,52
Niini,52
Noelle,52
Ottilia,52
Pii,52
Safa,52
Suvi-Marja,52
Thu,52
Tiiti,52
Tuula-Riitta,52
Anceliga,51
Emmi-Maria,51
Freija,51
Henriette,51
Hong,51
Ingalill,51
Kaisa-Maija,51
Khadra,51
Layla,51
Maari,51
Marielle,51
May-Britt,51
Merit,51
Minessa,51
Rosalia,51
Safiya,51
Sahar,51
Sarri,51
Silmu,51
Soraya,51
Terhikki,51
Titti,51
Ulla-Riikka,51
Weera,51
Ann-Catrin,50
Edda,50
Ella-Sofia,50
Elly,50
Eva-Lotta,50
Jannike,50
Jenica,50
Juli,50
Merle,50
Milea,50
Minella,50
Minna-Maaria,50
Pirjetta,50
Rose-Maj,50
Savanna,50
Tonja,50
Ulla-Stina,50
Yana,50
Alinda,49
Ami,49
Anika,49
Anna-Katriina,49
Annariikka,49
Annelie,49
Eleanor,49
Hanne-Maria,49
Henrica,49
Kaiju,49
Madelene,49
Margaret,49
Medina,49
Nelli-Noora,49
Nika,49
Riitta-Sisko,49
Saana-Maria,49
Sanni-Mari,49
Tarita,49
Velma,49
Viona,49
Ada-Sofia,48
Adna,48
Alessandra,48
Anna-Maarit,48
Beea,48
Brianna,48
Danielle,48
Denice,48
Eeda,48
Etti,48
Gunlög,48
Ida-Lotta,48
Jada,48
Manja,48
Mimmu,48
Muisto,48
Oona-Maria,48
Riikka-Mari,48
Sheila,48
Soja,48
Tiffany,48
Tuija-Liisa,48
Vilda,48
Agda,47
Aleksiina,47
Anna-Kaija,47
Ann-Charlott,47
Ariel,47
Arna,47
Caroliina,47
Dania,47
Helkky,47
Immi,47
Jacqueline,47
Jonna-Mari,47
Noa,47
Pia-Mari,47
Savannah,47
Silpa,47
Soraja,47
Tinna,47
Aada-Maria,46
Aisla,46
Birit,46
Corinna,46
Elli-Maria,46
Essi-Maria,46
Helmi-Maria,46
Henriika,46
Julija,46
Malak,46
Megan,46
Milla-Maaria,46
Pricilla,46
Safira,46
Salome,46
Sarlotta,46
Siw,46
Tuva,46
Wanda,46
Zhanna,46
Anna-Katri,45
Anya,45
Esma,45
Farah,45
Hana,45
Jeannette,45
Jinna,45
Katju,45
Laine,45
Margareetta,45
Niki,45
Outi-Maria,45
Reetta-Liisa,45
Tiitta,45
Vendela,45
Vendla,45
Aivi,44
Anna-Reeta,44
Annimari,44
Claire,44
Eleni,44
Fatemeh,44
Fiinu,44
Heini-Maria,44
Ida-Emilia,44
Jemima,44
Joan,44
Julianne,44
Kaisli,44
Katrine,44
Käthe,44
Lauren,44
Liselotte,44
Louisa,44
Maret,44
Marietta,44
Metti,44
Mildrid,44
Nelia,44
Peppina,44
Saara-Maija,44
Sari-Anna,44
Sesilia,44
Sirkku-Liisa,44
Taava,44
Adalia,43
Ainomaija,43
Alessa,43
Alida,43
Azra,43
Catrine,43
Deborah,43
Demi,43
Estella,43
Hawo,43
Henna-Kaisa,43
Juulianna,43
Kuura,43
Lianna,43
Liza,43
Lykke,43
Manuela,43
Marilla,43
Marla,43
Meh,43
Mindy,43
Miska,43
Riitta-Kaisa,43
Shirin,43
Sundus,43
Yasmina,43
Carmela,42
Casandra,42
Emma-Maria,42
Esmeralda,42
Hanna-Elina,42
Inessa,42
Kylli,42
Liidia,42
Luisa,42
Marjo-Leena,42
Melody,42
Minna-Riikka,42
Piia-Maria,42
Rinja,42
Sannakaisa,42
Selene,42
Serafia,42
Soma,42
Sue,42
Tella,42
Tiia-Riikka,42
Ulriika,42
Veena,42
Vida,42
Adeline,41
Anina,41
Arianna,41
Eliza,41
Gita,41
Heili,41
Hymy,41
Kelly,41
Melis,41
Metta,41
Mia-Mari,41
Mili,41
Ninnu,41
Pia-Riitta,41
Priscilla,41
Sanna-Maaria,41
Sanni-Maria,41
Sari-Maarit,41
Sisko-Liisa,41
Solbritt,41
Suna,41
Tarleena,41
Tuula-Anneli,41
Varvara,41
Verona,41
Wilda,41
Viviana,41
Zahraa,41
Adanna,40
Alia,40
Anastasija,40
Annemarie,40
Arita,40
Esme,40
Farhia,40
Hannamaija,40
Hilla-Maria,40
Izabella,40
Jenna-Julia,40
Juudit,40
Nasra,40
Paloma,40
Sadia,40
Taira,40
Taisia,40
Wendy,40
Vilma-Lotta,40
Vivien,40
Yolanda,40
Aire,39
Alexsandra,39
Anastacia,39
Anne-Liisa,39
Eena,39
Eija-Sinikka,39
Elida,39
Erja-Riitta,39
Evin,39
Fardowsa,39
Henna-Leena,39
Hetti,39
Iiri,39
Joy,39
Le,39
Marinka,39
Merina,39
Mira-Maria,39
Noemi,39
Petronella,39
Sagal,39
Sarika,39
Tanita,39
Tiia-Riina,39
Ulla-Brita,39
Ulla-Kaisa,39
Ulla-Leena,39
Viktoriya,39
Vilina,39
Vivianna,39
Yusra,39
Zinaida,39
Aino-Inkeri,38
Amiira,38
Amilia,38
Eja,38
Elinor,38
Emmaliina,38
Erina,38
Francesca,38
Gundel,38
Gunlis,38
Henna-Maija,38
Ingegärd,38
Jessina,38
Kayla,38
Liisu,38
Lilla,38
Lotten,38
Lumikki,38
Magdaleena,38
Malviina,38
Mariette,38
Miia-Marika,38
Minéa,38
Miranna,38
Phuong,38
Priitta,38
Ruby,38
Seena,38
Seita,38
Siham,38
Stefania,38
Theresia,38
Tiina-Marja,38
Tuomi,38
Tuuni,38
Wiivi,38
Violet,38
Vivi-Ann,38
Zeynep,38
Alfhild,37
Annastina,37
Anne-Kaarina,37
Ann-Helen,37
Anni-Emilia,37
Carolin,37
Desirée,37
Eevaleena,37
Ellamari,37
Ellanoora,37
Emma-Kaisa,37
Erja-Leena,37
Hawa,37
Janella,37
Jeni,37
Leena-Kaarina,37
Linea,37
Mare,37
Marja-Elina,37
Merete,37
Mesi,37
Mi,37
Mildred,37
Nasti,37
Rimma,37
Rosalie,37
Saara-Kaisa,37
Satu-Sisko,37
Sirpa-Leena,37
Soilikki,37
Tiia-Tuulia,37
Tintti,37
Tuija-Leena,37
Aline,36
Alisia,36
Anja-Leena,36
Anne-Marjut,36
Anu-Liisa,36
Awa,36
Ayse,36
Brenda,36
Bushra,36
Cathrine,36
Ciia,36
Dorothy,36
Eeva-Kristiina,36
Ella-Maija,36
Elsa-Maria,36
Faisa,36
Farida,36
Gunni,36
Hanna-Marja,36
Hanneli,36
Hibo,36
Hilkka-Maija,36
Iida-Lotta,36
Iryna,36
Jenny-Maria,36
Kitte,36
Meryem,36
Mirja-Riitta,36
Natali,36
Nomi,36
Piret,36
Rana,36
Sana,36
Simona,36
Sini-Tuuli,36
Venna,36
Vesta,36
Viivi-Maria,36
Xenia,36
Anmari,35
Annaliina,35
Anni-Leena,35
Anu-Mari,35
Asmaa,35
Chantal,35
Chloé,35
Dea,35
Ditte,35
Dolly,35
Emma-Leena,35
Enia,35
Faina,35
Hannamaria,35
Heli-Maria,35
Henniina,35
Hiba,35
Iida-Maija,35
Ingvor,35
Irkka,35
Jasna,35
Kea,35
Krista-Maria,35
Leena-Mari,35
Lise-Lott,35
Lydmila,35
Maida,35
Maijaliisa,35
Mariama,35
Marjanne,35
Nasro,35
Neda,35
Ros-Marie,35
Teija-Liisa,35
Aada-Sofia,34
Adéle,34
Alba,34
Andréa,34
Anne-Christine,34
Anu-Leena,34
Arlene,34
Helpi,34
Hetta,34
Iqra,34
Jessiina,34
Kerttuli,34
Leonie,34
Mari-Ann,34
Mari-Leena,34
Marja-Kristiina,34
Milia,34
Pia-Kristiina,34
Reetta-Leena,34
Sanni-Sofia,34
Smilla,34
Sorella,34
Tatjaana,34
Vega,34
Anne-Maaret,33
Bahar,33
Ciara,33
Diane,33
Emelia,33
Evena,33
Gun-May,33
Jaana-Maria,33
Joana,33
Joanne,33
Kirsi-Maaria,33
Leena-Sisko,33
Maissi,33
Marikka,33
Marlen,33
Melia,33
Miija,33
Milja-Maria,33
Nataliya,33
Noelia,33
Oma,33
Reetta-Kaisa,33
Renate,33
Rosi,33
Saara-Sofia,33
Saija-Leena,33
Salka,33
Samsam,33
Sini-Marja,33
Vea,33
Ada-Maria,32
Anab,32
Aniita,32
Ashley,32
Auroora,32
Aylin,32
Berfin,32
Britt-Louise,32
Caterina,32
Celeste,32
Christin,32
Eedith,32
Eevakaisa,32
Eevamaria,32
Eleanora,32
Gladys,32
Habiba,32
Hanna-Riina,32
Iida-Liisa,32
Ioulia,32
Irinja,32
Kiisa,32
Kirta,32
Laura-Maija,32
Leena-Riitta,32
Lejla,32
Lovis,32
Maare,32
Madina,32
Mai-Lis,32
Malika,32
Mandy,32
Marge,32
Marjaterttu,32
Mathilde,32
Meena,32
Nenne,32
Norah,32
Rafaela,32
Ramla,32
Rayan,32
Roosa-Mari,32
Saba,32
Seija-Leena,32
Seija-Sisko,32
Sibel,32
Sini-Maarit,32
Siro,32
Sissel,32
Thyra,32
Tiiamari,32
Tuuve,32
Ubah,32
Ülle,32
Zoja,32
Adella,31
Agata,31
Aija-Leena,31
Aletta,31
Céline,31
Desiree,31
Eetla,31
Eeva-Sisko,31
Emi,31
Eva-Marie,31
Fatema,31
Florence,31
Hannaliisa,31
Iida-Mari,31
June,31
Kalla,31
Karelia,31
Katie,31
Kiia-Maria,31
Kirsi-Leena,31
Ksenija,31
Lilianna,31
Lilija,31
Lizette,31
Marlena,31
Minh,31
Muna,31
Naimi,31
Nasrin,31
Natalija,31
Natja,31
Nikki,31
Onna,31
Rayaan,31
Saara-Liisa,31
Sannamaija,31
Sanna-Marja,31
Sanna-Riitta,31
Suvi-Maarit,31
Talvi,31
Tiina-Leena,31
Ullamari,31
Varma,31
Yuliya,31
Ainomaria,30
Alevtina,30
Anne-Charlotte,30
Anne-Marika,30
Eevamaija,30
Eeva-Riikka,30
Eija-Inkeri,30
Eva-Maija,30
Eyvor,30
Faadumo,30
Iida-Emilia,30
Katy,30
Kerttu-Liisa,30
Linda-Marie,30
Mari-Susanna,30
Marja-Lea,30
Meerit,30
Meliina,30
Minnaliisa,30
Najmo,30
Noora-Emilia,30
Riitta-Marja,30
Roosa-Maaria,30
Serina,30
Sickan,30
Suvianna,30
Telle,30
Vivika,30
Yan,30
Anna-Julia,29
Anna-Pauliina,29
Bertha,29
Daalia,29
Darina,29
Dilan,29
Eeva-Lotta,29
Eili,29
Emma-Liisa,29
Eva-Kaarina,29
Fatou,29
Greeta,29
Hanne-Maarit,29
Henna-Maaria,29
Henna-Riitta,29
Idil,29
Idun,29
Jael,29
Jeena,29
Jemiina,29
Jenni-Johanna,29
Jonna-Riikka,29
Joyce,29
Juanita,29
Julietta,29
Julina,29
Kathleen,29
Kathy,29
Lorena,29
Maija-Kaarina,29
Maija-Sisko,29
Maija-Stiina,29
Majken,29
Malgorzata,29
Maren,29
Marjoriitta,29
Matilde,29
Mette-Maria,29
Minta,29
Molla,29
Nan,29
Nur,29
Riitta-Maria,29
Scarlett,29
Suad,29
Tuikku,29
Tuuli-Maaria,29
Tuyet,29
Ulla-Britta,29
Ulla-Liisa,29
Zelda,29
Alisha,28
Ania,28
Anne-Maritta,28
Brigitte,28
Chelsea,28
Elice,28
Elza,28
Emmi-Kaisa,28
Eva-Lena,28
Faduma,28
Fartun,28
Gunbritt,28
Gunveig,28
Hanna-Sofia,28
Hannemari,28
Henna-Riina,28
Inca,28
Ingemo,28
Janna-Mari,28
Kaiho,28
Kaja,28
Katja-Leena,28
Katya,28
Kia-Maria,28
Leanna,28
Lida,28
Lin,28
Majlen,28
Maria-Helena,28
Marja-Anneli,28
Marjo-Kaisa,28
Markit,28
Marsa,28
Neera,28
Nguyen,28
Nila,28
Nyyti,28
Piita,28
Priska,28
Reetta-Maria,28
Ripsa,28
Rode,28
Sabrin,28
Sannaleena,28
Serafima,28
Seynab,28
Soini,28
Suvi-Tuulikki,28
Tiinamari,28
Tilla,28
Tilta,28
Titi,28
Tuulianna,28
Ulla-Maarit,28
Valerie,28
Aiju,27
Aino-Emilia,27
Aino-Marja,27
Anne-Leena,27
Annimaria,27
Anu-Kaisa,27
Armiida,27
Aula,27
Catalina,27
Cira,27
Edona,27
Eiri,27
Helén,27
Heli-Marja,27
Henna-Liisa,27
Inga-Liisa,27
Inge-Britt,27
Ivy,27
Jenna-Riikka,27
Jertta,27
Krisse,27
Kukka-Maria,27
Maggie,27
Margareeta,27
Merve,27
Meya,27
Miia-Liisa,27
Miia-Riikka,27
Millie,27
Mimma,27
Minne,27
Nawal,27
Neena,27
Nele,27
Nisa,27
Petra-Maria,27
Pippa,27
Päivi-Sisko,27
Päivyt,27
Riia-Maria,27
Rosalinda,27
Ruuth,27
Sallamaria,27
Samiira,27
Sandy,27
Seliina,27
Shirley,27
Sigbritt,27
Sirkkaliisa,27
Sirkka-Maija,27
Tarina,27
Tetti,27
Tiija,27
Tähti,27
Ulla-Kaarina,27
Aino-Mari,26
Alison,26
Alvina,26
Amaal,26
Amani,26
Annemaria,26
Camille,26
Carol,26
Dolores,26
Dunia,26
Ela,26
Ellimaija,26
Elmira,26
Emmie,26
Emmi-Noora,26
Evie,26
Hailey,26
Helmi-Sofia,26
Iana,26
Ilham,26
Iraida,26
Jasmiini,26
Jella,26
Karima,26
Liila,26
Lilya,26
Lisa-Maria,26
Lisa-Marie,26
Lotta-Emilia,26
Lotta-Mari,26
Lynn,26
Mari-Annika,26
Marine,26
Maritsa,26
Mariya,26
Marle,26
Milla-Riina,26
Minna-Kristiina,26
Nimco,26
Peppilotta,26
Pilvi-Sisko,26
Renée,26
Roosamari,26
Saina,26
Sania,26
Sanna-Marika,26
Sasha,26
Shahla,26
Silja-Maria,26
Sini-Pilvi,26
Taru-Tuulia,26
Tatyana,26
Vanilla,26
Vilmiina,26
Zanna,26
Anetta,25
Anne-Helena,25
Anne-Maaria,25
Anni-Lotta,25
Anuliina,25
Britt-Inger,25
Carolyn,25
Delia,25
Derya,25
Desiré,25
Elisaveta,25
Ellamaria,25
Elliina,25
Elli-Mari,25
Emilla,25
Emmelie,25
Enni-Maria,25
Eveline,25
Gabrielle,25
Giulia,25
Hannariikka,25
Helky,25
Henna-Maarit,25
Hennamari,25
Iidamaria,25
Ira-Maria,25
Jiina,25
Kimberly,25
Linh,25
Madelen,25
Malou,25
Maria-Sofia,25
Marjanna,25
Meritta,25
Mia-Marika,25
Minnie,25
Munira,25
Nea-Sofia,25
Nura,25
Ofelia,25
Pia-Leena,25
Priita,25
Raija-Riitta,25
Raissa,25
Reina,25
Riikka-Maija,25
Rosa-Marie,25
Saara-Leena,25
Satu-Johanna,25
Seila,25
Senia,25
Shamso,25
Sihaam,25
Sima,25
Sini-Vuokko,25
Sirppa,25
Sofiia,25
Suvi-Elina,25
Suzana,25
Sävy,25
Tuija-Riitta,25
Ull-Britt,25
Venla-Maria,25
Vivica,25
Ada-Emilia,24
Adaliina,24
Adea,24
Aija-Liisa,24
Aino-Leena,24
Ancela,24
Anh,24
Anissa,24
Anu-Maija,24
Ayda,24
Bich,24
Dahlia,24
Dilara,24
Edita,24
Eeva-Helena,24
Ellinora,24
Else-May,24
Emeliina,24
Ene,24
Farhiyo,24
Gun-Viol,24
Hanna-Kaarina,24
Heli-Maarit,24
Hoang,24
Holly,24
Ida-Mari,24
Ilhan,24
Iuliia,24
Jaanika,24
Janice,24
Jelina,24
Junia,24
Justina,24
Kaisaleena,24
Kamila,24
Kara,24
Kristen,24
Leena-Marjatta,24
Lilja-Maria,24
Marena,24
Margetta,24
Mayvor,24
Melike,24
Milla-Emilia,24
Mimoza,24
Minna-Marika,24
Mirela,24
Muska,24
Nasteho,24
Olesya,24
Pi,24
Pihla-Maria,24
Salla-Maija,24
Samia,24
Sannamaria,24
Sari-Susanna,24
Satu-Susanna,24
Signhild,24
Siv-Britt,24
Tari,24
Teiju,24
Titta-Maria,24
Trine,24
Tupu,24
Tuttu,24
Uliana,24
Yara,24
Agnesa,23
Ainokaisa,23
Alana,23
Aleksia,23
Alona,23
Amra,23
Annariitta,23
Annel,23
Anni-Helena,23
Anniliina,23
Ariela,23
Danica,23
Darling,23
Debora,23
Donia,23
Dorita,23
Elda,23
Eliise,23
Elli-Sofia,23
Emma-Liina,23
Gun-Marie,23
Gunvi,23
Hanaan,23
Helianna,23
Helny,23
Ing-Britt,23
Isadora,23
Jenifer,23
Jennimari,23
Juno,23
Kirsi-Marjut,23
Laura-Emilia,23
Liina-Lotta,23
Liliya,23
Lissu,23
Lotta-Liisa,23
Lumikukka,23
Maileena,23
Mairi,23
Mairit,23
Majbritt,23
Mariaana,23
Maria-Riitta,23
Mari-Elina,23
Mari-Kaisa,23
Mariko,23
Marja-Maija,23
Maxine,23
Mercedes,23
Miina-Maria,23
Milou,23
Nahid,23
Narges,23
Niina-Mari,23
Nina-Mari,23
Ninette,23
Odelia,23
Odette,23
Perla,23
Pia-Sofia,23
Päivi-Maria,23
Rahmo,23
Rosanne,23
Sanniina,23
Sindi,23
Sini-Sofia,23
Sirpa-Riitta,23
Svitlana,23
Thilde,23
Tyyra,23
Vasilisa,23
Viima,23
Vilhelmina,23
Villa,23
Violeta,23
Virginia,23
Zamzam,23
Ajla,22
Alica,22
Anett,22
Angelique,22
Anna-Elisa,22
Annasofia,22
Ann-May,22
Camila,22
Chris,22
Delila,22
Els-Maj,22
Emmi-Julia,22
Henriina,22
Hilja-Maria,22
Hilla-Maaria,22
Idamaria,22
Iija,22
Iivi,22
Ikran,22
India,22
Indira,22
Iro,22
Jeanne,22
Jenni-Kaisa,22
Jerika,22
Kaneli,22
Kastanja,22
Kati-Johanna,22
Katja-Mari,22
Keira,22
Kirsi-Maija,22
Kristi,22
Leenamaija,22
Liisamaija,22
Lis-Britt,22
Liz,22
Lotta-Sofia,22
Madicken,22
Maija-Helena,22
Maija-Reetta,22
Maira,22
Malle,22
Mari-Helena,22
Mariita,22
Marinella,22
Marjam,22
Melita,22
Mertta,22
Minette,22
Minna-Marja,22
Mireille,22
Mirigli,22
Naana,22
Nataliia,22
Natascha,22
Néa,22
Nour,22
Novalie,22
Parisa,22
Pipa,22
Rabia,22
Reet,22
Reetta-Maija,22
Renee,22
Riina-Maija,22
Riittaliisa,22
Rosamaria,22
Rosemarie,22
Saili,22
Sarai,22
Sasa,22
Saynab,22
Shani,22
Silke,22
Sirena,22
Sumeya,22
Suvi-Anna,22
Taiju,22
Tasnim,22
Torborg,22
Tuulevi,22
Warda,22
Yael,22
Aasa,21
Alex,21
Alviina,21
Amna,21
Anastasiia,21
Anja-Kaarina,21
Annabelle,21
Anna-Kristina,21
Anna-Lea,21
Anna-Leea,21
Anna-Tuulia,21
Anzhelika,21
Aria,21
Arlinda,21
Arta,21
Audrey,21
Beatriz,21
Beerit,21
Berith,21
Bibi,21
Cynthia,21
Deniz,21
Dinah,21
Donya,21
Dunja,21
Eerica,21
Effi,21
Egzona,21
Eila-Maija,21
Elke,21
Emilja,21
Emmaleena,21
Evia,21
Ha,21
Hatice,21
Heli-Maija,21
Hillervo,21
Hoda,21
Ida-Maija,21
Iinu,21
Ikram,21
Inga-Maria,21
Inge-May,21
Inka-Riina,21
Isella,21
Jemilia,21
Jessie,21
Katalin,21
Lee,21
Lidija,21
Lis-Marie,21
Lolita,21
Madeline,21
Mai-Britt,21
Maiju-Leena,21
Maj-Brit,21
Miia-Maarit,21
Minnamaria,21
Nafisa,21
Naimo,21
Nanja,21
Nathalia,21
Nelli-Maria,21
Nida,21
Olesia,21
Olka,21
Osmi,21
Piia-Pauliina,21
Piia-Riitta,21
Päivi-Helena,21
Quynh,21
Rae,21
Rebeca,21
Roda,21
Rosina,21
Safina,21
Seea,21
Senny,21
Serja,21
Sievä,21
Siiri-Maria,21
Silje,21
Susana,21
Taisa,21
Tanja-Maria,21
Therése,21
Tiara,21
Tiinu,21
Tiltu,21
Triinu,21
Tuana,21
Uljana,21
Uni,21
Utu,21
Varpu-Leena,21
Viktoriia,21
Virpi-Liisa,21
Wivi,21
Viviann,21
Agnetha,20
Aleksina,20
Alfa,20
Amaya,20
Amran,20
Anastasiya,20
Anna-Katarina,20
Anna-Kreetta,20
Anna-Marie,20
Ann-Cathrine,20
Anne-Elina,20
Ann-Maria,20
Annmarie,20
Aviva,20
Bao,20
Binta,20
Cesilia,20
Damla,20
Eedi,20
Eeva-Kaija,20
Eija-Maija,20
Elen,20
Elsbeth,20
Eugenia,20
Eunice,20
Faiza,20
Fatmire,20
Gresa,20
Hajar,20
Heather,20
Ida-Kaisa,20
Ila,20
Iona,20
Irmelin,20
Isa-Maria,20
Isela,20
Jaana-Maarit,20
Jamilla,20
Joline,20
Kadri,20
Kaisa-Marja,20
Katja-Maarit,20
Kendra,20
Laura-Elina,20
Lorin,20
Lumi-Kukka,20
Maaren,20
Madison,20
Malina,20
Mariikka,20
Mari-Liisa,20
Marléne,20
May-Len,20
Meini,20
Michele,20
Miitu,20
Mirabella,20
Moira,20
Muniira,20
Nani,20
Nata,20
Neta,20
Nhu,20
Nikolina,20
Paula-Maria,20
Rebekah,20
Riina-Kaisa,20
Rosalina,20
Sakina,20
Sansa,20
Saranda,20
Sari-Anneli,20
Satu-Päivikki,20
Silve,20
Suvi-Sisko,20
Tetta,20
Teuta,20
Tiia-Liisa,20
Toivi,20
Veera-Kaisa,20
Vicky,20
Viktorija,20
Vivianne,20
Yu,20
Zandra,20
Aamina,19
Aile,19
Ainikki,19
Alda,19
Angel,19
Anna-Brita,19
Anna-Erika,19
Anna-Kajsa,19
Anna-Liina,19
Ann-Catrine,19
Arja-Maija,19
Asia,19
Aslög,19
Aure,19
Birgitte,19
Blerta,19
Briita,19
Brita-Liisa,19
Britt-Maj,19
Caitlin,19
Dorothea,19
Edina,19
Ella-Maaria,19
Ellida,19
Ellimari,19
Elmiira,19
Ema,19
Emelina,19
Evgenija,19
Faith,19
Fatime,19
Gaia,19
Giselle,19
Gullan,19
Gullvi,19
Hanna-Katri,19
Hanna-Marika,19
Hazel,19
Heidi-Mari,19
Iidaliina,19
Iina-Sofia,19
Izabelle,19
Jaana-Liisa,19
Jaana-Maija,19
Jamie,19
Janelle,19
Janiika,19
Janissa,19
Janna-Maria,19
Jenni-Sofia,19
Jevgenia,19
Kesia,19
Kiki,19
Kirsimaria,19
Laura-Liisa,19
Léa,19
Leenu,19
Liilia,19
Liisa-Lotta,19
Linda-Mari,19
Lucie,19
Lucinda,19
Mahnaz,19
Maijaleena,19
Malaika,19
Maleena,19
Mareena,19
Marie-Christine,19
Marjariitta,19
Melika,19
Merituulia,19
Miia-Maaria,19
Miisa-Maria,19
Mona-Maria,19
Natacha,19
Natasa,19
Nea-Noora,19
Olesja,19
Phoebe,19
Pia-Maarit,19
Pia-Pauliina,19
Pia-Susanna,19
Poppy,19
Qamar,19
Riitta-Anneli,19
Ritva-Anneli,19
Roberta,19
Sadaf,19
Salla-Maari,19
Sanaa,19
Sara-Emilia,19
Sari-Helena,19
Sari-Johanna,19
Satu-Maija,19
Sofiina,19
Sonja-Maria,19
Suvituulia,19
Tess,19
Tiina-Riikka,19
Tuila,19
Tuula-Maria,19
Ulla-Kaija,19
Ulla-Kristiina,19
Valo,19
Vilja-Maria,19
Zehra,19
Aino-Ilona,18
Alexandria,18
Amber,18
Aniela,18
Anja-Maija,18
Anna-Bella,18
Annareetta,18
Anneka,18
Anneliina,18
Anne-Marjo,18
Anu-Elina,18
Anuliisa,18
April,18
Arja-Sisko,18
Arma,18
Aysha,18
Beada,18
Carine,18
Cora,18
Darya,18
Dominique,18
Eevamari,18
Eija-Kaarina,18
Eija-Maarit,18
Eline,18
Emma-Riikka,18
Emmi-Riikka,18
Erza,18
Evguenia,18
Hanna-Lotta,18
Hayley,18
Iida-Liina,18
Iina-Emilia,18
Inka-Mari,18
Iréne,18
Israa,18
Ivana,18
Jaana-Kaisa,18
Jenni-Emilia,18
Jerina,18
Jinka,18
Jonina,18
Kaisamari,18
Kaisa-Reetta,18
Karmen,18
Kathryn,18
Kati-Maria,18
Laia,18
Leena-Anneli,18
Lena-Maria,18
Liina-Maria,18
Liivia,18
Luiza,18
Mahsa,18
Marttiina,18
Mia-Riitta,18
Millamari,18
Minna-Sisko,18
Mirva-Liisa,18
Natalya,18
Nawaal,18
Neah,18
Neija,18
Nermin,18
Ninetta,18
Noella,18
Nuura,18
Oodi,18
Penelope,18
Piela,18
Piiku,18
Pinja-Maria,18
Päivi-Liisa,18
Randa,18
Ranya,18
Rihanna,18
Riina-Mari,18
Riitta-Mari,18
Ronia,18
Roosa-Emilia,18
Runo,18
Sargit,18
Satu-Päivi,18
Selda,18
Shania,18
Silvi,18
Sofija,18
Sumayo,18
Teija-Leena,18
Teija-Riitta,18
Thilda,18
Tiida,18
Tiina-Sisko,18
Triin,18
Uuna,18
Wilja,18
Vivienne,18
Zaynab,18
Zoya,18
Adèle,17
Albulena,17
Alea,17
Aliyah,17
Amie,17
Anna-Laura,17
Anna-Sisko,17
Anne-Mai,17
Anni-Ilona,17
Ann-Nina,17
Anu-Kristiina,17
Asho,17
Asla,17
Astri,17
Ayesha,17
Blanka,17
Bojan,17
Christiina,17
Deeqa,17
Elham,17
Eloise,17
Elona,17
Elvina,17
Emmalotta,17
Enid,17
Feride,17
Francisca,17
Georgina,17
Havin,17
Heléne,17
Helmi-Lotta,17
Heta-Maria,17
Hope,17
Ida-Liisa,17
Iina-Mari,17
Ilhaan,17
Inès,17
Inga-Lis,17
Inni,17
Jaana-Mari,17
Jean,17
Jenna-Riina,17
Jenni-Julia,17
Jina,17
Jing,17
Judy,17
Juuni,17
Kaisi,17
Karoline,17
Kateriina,17
Katja-Maaria,17
Kerttu-Kaarina,17
Kianna,17
Kirke,17
Krisztina,17
Lea-Liisa,17
Leenakaisa,17
Liina-Maija,17
Lis-Mari,17
Lotta-Maaria,17
Lotta-Maija,17
Lumi-Helmi,17
Lumi-Tuuli,17
Luul,17
Luz,17
Maarja,17
Maikku,17
Manar,17
María,17
Maria-Terttu,17
Mariza,17
Martiina,17
Meri-Helmi,17
Michela,17
Mihaela,17
Miiu,17
Minttu-Mari,17
Mitja,17
Mulki,17
Narin,17
Niina-Riikka,17
Nina-Maarit,17
Parvin,17
Penny,17
Piia-Liisa,17
Piia-Mari,17
Pirjo-Sisko,17
Pirkkoliisa,17
Priya,17
Raquel,17
Reeta-Maria,17
Ronda,17
Rosemary,17
Ros-Maj,17
Roxana,17
Ruu,17
Safiyo,17
Sahro,17
Saija-Maria,17
Salla-Kaisa,17
Satu-Helena,17
Satu-Mari,17
Seera,17
Shabnam,17
Sinaida,17
Sindy,17
Sini-Susanna,17
Sona,17
Taia,17
Tarja-Helena,17
Teri,17
Thao,17
Wai,17
Vanda,17
Wei,17
Wendla,17
Verena,17
Vilna,17
Virpi-Leena,17
Vjollca,17
Zina,17
Zsuzsanna,17
Adelle,16
Agnieszka,16
Aimee,16
Ainoliina,16
Albana,16
Aliya,16
Aminata,16
Anaïs,16
Anesa,16
Anjelika,16
Anju,16
Anni-Maaria,16
Annimaija,16
Anu-Susanna,16
Asli,16
Aster,16
Athena,16
Aziza,16
Beate,16
Birthe,16
Blanca,16
Briitta-Liisa,16
Celinda,16
Chanel,16
Chatarina,16
Coco,16
Dafina,16
Dita,16
Drita,16
Eija-Sisko,16
Elaine,16
Elina-Maria,16
Elliida,16
Eman,16
Emilija,16
Emmilotta,16
Enni-Sofia,16
Eva-Mari,16
Evgeniya,16
Febe,16
Fereshteh,16
Filsan,16
Gilda,16
Grete,16
Gull-Maj,16
Hanna-Helena,16
Hanna-Katariina,16
Hanna-Reeta,16
Heidi-Maarit,16
Hildi,16
Ibtisam,16
Iri,16
Irini,16
Irja-Leena,16
Jaana-Marja,16
Jippu,16
Karolin,16
Katarzyna,16
Kawsar,16
Kay,16
Latifa,16
Laura-Leena,16
Liine,16
Liisa-Mari,16
Lilith,16
Lowa,16
Luana,16
Lumi-Lilja,16
Maija-Riikka,16
Maj-Gun,16
Manal,16
Mari-Ella,16
Marigona,16
Mari-Hannele,16
Marjan,16
Marutzella,16
Mea-Maria,16
Meemi,16
Merette,16
Meriem,16
Minna-Kaarina,16
Mirka-Maria,16
Mirve,16
Myriam,16
Myrna,16
Myrsky,16
Mysi,16
Nabila,16
Nadya,16
Nazanin,16
Negin,16
Nella-Maria,16
Nellinoora,16
Nesrin,16
Noura,16
Olga-Maria,16
Philippa,16
Piatta,16
Pihka,16
Piiu,16
Pirketta,16
Päivi-Leena,16
Reetta-Mari,16
Reija-Liisa,16
Riikkaliisa,16
Riitta-Kaarina,16
Rim,16
Ritvaliisa,16
Roosamaria,16
Roya,16
Sadio,16
Saido,16
Saija-Liisa,16
Salla-Maaret,16
Salwa,16
Sanela,16
Sanni-Kaisa,16
Sannu,16
Satu-Liisa,16
Sena,16
Sikke,16
Sinimarja,16
Sirkku-Leena,16
Solina,16
Syeda,16
Taini,16
Terhi-Tuulia,16
Thua,16
Tiina-Maarit,16
Tilly,16
Tracy,16
Tuuliina,16
Tytti-Maria,16
Ulla-Helena,16
Urda,16
Varpu-Liisa,16
Venera,16
Yamina,16
Yen,16
Zenita,16
Aala,15
Aalia,15
Adile,15
Afnaan,15
Ahlam,15
Aleksa,15
Alicja,15
Amela,15
Amino,15
Ancelika,15
Anja-Maria,15
Anna-Eveliina,15
Annamaaria,15
Anne-Kristina,15
Anne-Sisko,15
Anni-Riikka,15
Ardita,15
Avin,15
Blerina,15
Boel,15
Caisa,15
Caro,15
Chia,15
Cristel,15
Dorthy,15
Edel,15
Ejvor,15
Ellariina,15
Elsa-Maija,15
Elvia,15
Emiilia,15
Emmi-Leena,15
Enny,15
Era,15
Evella,15
Farhio,15
Gemma,15
Githa,15
Hamda,15
Henna-Reetta,15
Hennariina,15
Hilda-Maria,15
Hildegard,15
Hippu,15
Huong,15
Isabela,15
Ismahan,15
Jenna-Juulia,15
Jenni-Leena,15
Jilla,15
Joella,15
Juuli-Anna,15
Kaarna,15
Kadi,15
Karine,15
Karo,15
Katja-Marika,15
Kerli,15
Laura-Sofia,15
Leticia,15
Liisa-Marja,15
Linda-Lotta,15
Lotta-Kaisa,15
Lumianna,15
Lumi-Maria,15
Marget,15
Maria-Elena,15
Mari-Anneli,15
Marilyn,15
Marisanna,15
Marja-Tuulikki,15
Marjorie,15
Masoumeh,15
Meliha,15
Meriam,15
Merja-Hannele,15
Merva,15
Mia-Maarit,15
Miita,15
Milvi,15
Mirja-Maija,15
Mirna,15
Miski,15
Monique,15
Muru,15
Nadeschda,15
Nea-Emilia,15
Neila,15
Nicoletta,15
Olessia,15
Oliwia,15
Onneli,15
Pian,15
Pille,15
Princess,15
Rahel,15
Riim,15
Riitta-Helena,15
Rona,15
Ruweyda,15
Saara-Lotta,15
Saara-Mari,15
Salla-Sofia,15
Saranna,15
Sari-Leena,15
Sari-Maria,15
Satu-Kaarina,15
Satu-Lotta,15
Silvana,15
Solange,15
Solin,15
Suzanna,15
Svanhild,15
Taika-Tuuli,15
Taila,15
Taria,15
Teela,15
Tessi,15
Tetyana,15
Tiina-Tuulia,15
Tuuva,15
Tähkä,15
Ulla-Pia,15
Vanni,15
Villiina,15
Ying,15
Zarah,15
Zohra,15
Adelie,14
Aija-Riitta,14
Alexina,14
Alwa,14
Amalie,14
Amel,14
Anahita,14
Annalotta,14
Anna-Pia,14
Anne-Kaisa,14
Annevi,14
Anny,14
Anzelika,14
Armida,14
Asiya,14
Asra,14
Athina,14
Augusta,14
Berivan,14
Betti,14
Cheryl,14
Danja,14
Deeqo,14
Dilek,14
Dunya,14
Eeva-Reetta,14
Eha,14
Eleanoora,14
Ella-Roosa,14
Ellimaria,14
Embla,14
Emely,14
Emma-Julia,14
Emma-Reetta,14
Enniina,14
Esti,14
Etna,14
Eva-Marja,14
Evgeniia,14
Farhiya,14
Fariba,14
Franziska,14
Fredrica,14
Hanna-Karoliina,14
Hanna-Lea,14
Hanna-Sisko,14
Hanne-Leena,14
Heli-Riitta,14
Heliä,14
Hila,14
Hind,14
Hinda,14
Ida-Marie,14
Iida-Kaisa,14
Iina-Maija,14
Ija,14
Ikraam,14
Iliana,14
Inara,14
Ing-Mari,14
Inka-Liisa,14
Inke,14
Irma-Leena,14
Janitta,14
Jarita,14
Jasmiin,14
Jiia,14
Jitta,14
Jonna-Julia,14
Josetta,14
Jutta-Maria,14
Kaisa-Riitta,14
Kateryna,14
Katja-Helena,14
Katja-Liisa,14
Keren,14
Kübra,14
Kyra,14
Laura-Mari,14
Leandra,14
Leena-Liisa,14
Lorna,14
Luciana,14
Ly,14
Ma,14
Mae,14
Maja-Lisa,14
Malvina,14
Marcela,14
Maria-Elina,14
Mari-Annukka,14
Mari-Jaana,14
Marja-Hannele,14
Marja-Lena,14
Marlén,14
Mary-Anne,14
Meg,14
Melodi,14
Miinu,14
Mija,14
Minca,14
Minna-Elina,14
Minna-Marjaana,14
Monia,14
Mya,14
Nadiya,14
Natasia,14
Natta,14
Neea-Maria,14
Nena,14
Nicoline,14
Pia-Johanna,14
Pia-Marja,14
Piija,14
Piipa,14
Pikka,14
Pirpa,14
Raakkel,14
Ragna,14
Reeta-Kaisa,14
Ria-Maria,14
Robyn,14
Roine,14
Romina,14
Rosa-Mari,14
Ruusu-Maria,14
Saaramaria,14
Sabiha,14
Saija-Riikka,14
Salina,14
Salla-Tuulia,14
Sandi,14
Sara-Lotta,14
Saria,14
Satu-Hannele,14
Selia,14
Selin,14
Sevda,14
Sevgi,14
Shahad,14
Sharmin,14
Shqipe,14
Shukrije,14
Sofja,14
Stina-Maria,14
Sunita,14
Sydney,14
Taru-Maija,14
Taru-Tuuli,14
Tea-Maria,14
Tellu,14
Terhi-Marja,14
Tia-Mari,14
Tiia-Maarit,14
Tiia-Mariia,14
Tiinaliisa,14
Tilja,14
Titta-Riina,14
Tone,14
Tordis,14
Towe,14
Ullariikka,14
Ulla-Sisko,14
Valerija,14
Wanja,14
Veera-Sofia,14
Venus,14
Vianna,14
Winnie,14
Wiola,14
Zeineb,14
Zoé,14
Zofia,14
Aada-Emilia,13
Ahlaam,13
Aiko,13
Aime,13
Ainoliisa,13
Aissa,13
Akuliina,13
Alaa,13
Alexis,13
Alix,13
Almira,13
Angeliina,13
Anila,13
Anna-Carin,13
Annalisa,13
Anna-Marika,13
Annami,13
Anne-Marjatta,13
Annikaisa,13
Annilotta,13
Ansku,13
Antigona,13
Antoinette,13
Antonella,13
Anu-Maaria,13
Anzhela,13
Arabella,13
Ariella,13
Auvo,13
Aynur,13
Basma,13
Brigitta,13
Brita-Lisa,13
Carissa,13
Carlotta,13
Catrina,13
Cecilie,13
Charlene,13
Christiana,13
Christiane,13
Dia,13
Diellza,13
Diina,13
Donika,13
Dorotea,13
Eeti,13
Eeva-Inkeri,13
Eija-Maria,13
Elene,13
Elenor,13
Ella-Kaisa,13
Emila,13
Emira,13
Ena,13
Enisa,13
Enne-Liisa,13
Enni-Lotta,13
Essi-Emilia,13
Essi-Lotta,13
Eva-Christina,13
Eva-Riitta,13
Fanni-Sofia,13
Fartuun,13
Fathi,13
Fitore,13
Freia,13
Ganimete,13
Gisella,13
Gull-Britt,13
Gullevi,13
Gulnara,13
Gun-Mari,13
Gunn-Maj,13
Habibo,13
Halina,13
Hanin,13
Hanna-Emilia,13
Hanna-Kaija,13
Hanna-Lena,13
Hanna-Pauliina,13
Hanna-Tuulia,13
Hava,13
Heba,13
Heidi-Maaria,13
Heidi-Marika,13
Hella,13
Heloisa,13
Henna-Sofia,13
Hero,13
Heta-Maija,13
Hui,13
Iina-Lotta,13
Ikhlas,13
Ikraan,13
Ilsa,13
Ilse-Maj,13
Inka-Sofia,13
Irem,13
Jeela,13
Jenna-Sofia,13
Jenni-Elina,13
Jennyfer,13
Jia,13
Joa,13
Johanne,13
Jolanta,13
Jolina,13
Júlia,13
Jun,13
Kaika,13
Kaila,13
Kairi,13
Kaisa-Elina,13
Kaisa-Maaria,13
Kaitlyn,13
Kaltrina,13
Kaste-Helmi,13
Kati-Susanna,13
Katri-Johanna,13
Kenza,13
Kirsi-Marjo,13
Kukkamaaria,13
Lada,13
Laini,13
Lamia,13
Lija,13
Linette,13
Lirije,13
Lo,13
Luljeta,13
Lumnije,13
Maaru,13
Madelein,13
Maie,13
Maina,13
Marella,13
Margareth,13
Marguerite,13
Mariah,13
Marike,13
Mariliina,13
Maris,13
Marisol,13
Marleen,13
Maru,13
Marya,13
Marzia,13
Merilin,13
Merilla,13
Meri-Maaria,13
Mia-Maija,13
Mia-Sofia,13
Michal,13
Mielikki,13
Miilia,13
Milla-Maarit,13
Millamaria,13
Minna-Susanna,13
Mirca,13
Miretta,13
Miya,13
Myra,13
Nargis,13
Neeta,13
Neri,13
Nicolette,13
Oona-Emilia,13
Oona-Sofia,13
Ottiilia,13
Paula-Maija,13
Pirke,13
Pirkko-Riitta,13
Päivi-Elina,13
Rabab,13
Razia,13
Reeta-Mari,13
Renita,13
Riikka-Johanna,13
Riina-Liisa,13
Rima,13
Ronja-Maria,13
Saabiriin,13
Saana-Tuulia,13
Safi,13
Saga-Sofia,13
Salla-Riikka,13
Samar,13
Samra,13
Sanna-Riina,13
Sanna-Sofia,13
Sanna-Tuulia,13
Sanni-Maija,13
Sannimari,13
Sari-Liisa,13
Satu-Elina,13
Satu-Maaret,13
Seda,13
Seri,13
Siena,13
Sig-Britt,13
Silja-Sofia,13
Simin,13
Sinella,13
Sini-Päivikki,13
Skye,13
Sofya,13
Stefani,13
Suvi-Johanna,13
Talia,13
Tanja-Maarit,13
Taru-Maria,13
Teressa,13
Tesla,13
Tiia-Riitta,13
Tiina-Elina,13
Tiinamaija,13
Tilhi,13
Tina-Maria,13
Tira,13
Titta-Mari,13
Tony,13
Trude,13
Tu,13
Tuuli-Mari,13
Ulla-Kristina,13
Vanesa,13
Vera-Maria,13
Weronika,13
Viivi-Lotta,13
Virpa,13
Vita,13
Vlora,13
Yelena,13
Aaliya,12
Aaliyah,12
Afnan,12
Agnia,12
Ai,12
Ainomari,12
Aira-Liisa,12
Aksa,12
Alanna,12
Aljona,12
Allison,12
Anais,12
Anela,12
Anfisa,12
Angeline,12
Anna-Ilona,12
Anna-Maj,12
Anni-Julia,12
Anni-Marja,12
Ann-Sofia,12
Anu-Marja,12
Anu-Pauliina,12
Arielle,12
Arya,12
Asrin,12
Aulona,12
Beryl,12
Besarta,12
Briana,12
Caisha,12
Christelle,12
Clarisse,12
Cleo,12
Damaris,12
Davina,12
Debbie,12
Defne,12
Désirée,12
Dianna,12
Dimitra,12
Dominika,12
Dorota,12
Eeri,12
Eevariitta,12
Eevi-Maria,12
Eina,12
Eleonor,12
Elicia,12
Ella-Riina,12
Elzbieta,12
Emeline,12
Emma-Noora,12
Evamaria,12
Evianna,12
Farzana,12
Fatimah,12
Fay,12
Filiz,12
Fowsia,12
Friia,12
Georgia,12
Glory,12
Grethel,12
Gunn-Lis,12
Hamida,12
Hannariina,12
Hayat,12
Heddy,12
Hedi,12
Hedy,12
Heidi-Marja,12
Heidi-Susanna,12
Heine,12
Heini-Marja,12
Helfrid,12
Heli-Johanna,12
Helina,12
Helma,12
Hilla-Marja,12
Hilpe,12
Hilta,12
Iida-Elina,12
Ikhlaas,12
Illusia,12
Inga-Maarit,12
Janka,12
Jena,12
Jenni-Maija,12
Jenny-Sofia,12
Jerica,12
Johanna-Maria,12
Juana,12
Ka,12
Kaia,12
Kaijaleena,12
Kati-Maarit,12
Katjaana,12
Katrianna,12
Keth,12
Kirsi-Marika,12
Kirsti-Kaarina,12
Kitti,12
Kätlin,12
Lavinia,12
Leanne,12
Leenamari,12
Lei,12
Lilo,12
Linda-Sofia,12
Lora,12
Lottaliina,12
Lotta-Riina,12
Lu,12
Maija-Elina,12
Marcella,12
Maria-Teresa,12
Mariliisa,12
Mari-Sanna,12
Mari-Sisko,12
Marjana,12
Marjo-Riina,12
Marus,12
Maryna,12
Matlena,12
Meela,12
Mélanie,12
Merianna,12
Merja-Helena,12
Merja-Terttu,12
Miana,12
Milona,12
Minetta,12
Miroslava,12
Mollie,12
Najah,12
Nasteeho,12
Nea-Mari,12
Neele,12
Neema,12
Nela,12
Nella-Noora,12
Nella-Sofia,12
Nelmi,12
Nene,12
Niika,12
Niina-Kaisa,12
Nike,12
Noora-Sofia,12
Nuur,12
Outi-Mari,12
Outi-Marja,12
Patrizia,12
Petrina,12
Pia-Marie,12
Piia-Maarit,12
Piia-Riikka,12
Pirjo-Hannele,12
Prisca,12
Päivi-Maarit,12
Rasha,12
Rawan,12
Reem,12
Reena,12
Réka,12
Riham,12
Riinu,12
Rinesa,12
Ritva-Maija,12
Roosa-Maija,12
Rose-Mari,12
Rosie,12
Saara-Elina,12
Sabah,12
Sabriina,12
Salima,12
Salla-Marja,12
Sanna-Pauliina,12
Sanna-Reetta,12
Sanny,12
Sara-Julia,12
Sara-Tuulia,12
Sari-Hannele,12
Sariina,12
Sari-Maija,12
Sarra,12
Shaima,12
Shannon,12
Sidra,12
Silja-Riitta,12
Sini-Meri,12
Sirin,12
Sisko-Helena,12
Sisko-Maria,12
Sivia,12
Suraya,12
Susie,12
Suvi-Kukka,12
Sylvie,12
Taika-Tuulia,12
Teodora,12
Terhi-Liisa,12
Terje,12
Tetiana,12
Theodora,12
Tiia-Leena,12
Tiia-Sofia,12
To,12
Tyti,12
Urve,12
Vadelma,12
Valdine,12
Valeriia,12
Valpu,12
Vanilja,12
Viivia,12
Viviane,12
Vlada,12
Yagmur,12
Yi,12
Yvette,12
Zoey,12
Åse,12
Adelaide,11
Aia,11
Ailin,11
Aino-Riitta,11
Aino-Sisko,11
Aksana,11
Alejandra,11
Alesia,11
Aleyna,11
Aliza,11
Amila,11
Ammi,11
Aninka,11
Annabell,11
Anna-Juulia,11
Annalena,11
Ann-Cathrin,11
Anne-Katariina,11
Anne-Marit,11
Annemo,11
Ann-Gret,11
Ann-Jeanette,11
Annlis,11
Ann-Sophie,11
Annu-Maria,11
Antje,11
Anu-Johanna,11
Anu-Liina,11
Anumari,11
Anuriikka,11
Anzela,11
Arianne,11
Arja-Terttu,11
Asal,11
Asteri,11
Avilla,11
Barbi,11
Beatta,11
Belma,11
Biritta,11
Bonnie,11
Bria,11
Carole,11
Cathy,11
Chanelle,11
Daga,11
Dalila,11
Dara,11
Denisa,11
Didem,11
Dima,11
Diona,11
Dorina,11
Dorthe,11
Ebru,11
Eeva-Sofia,11
Ekaterini,11
Elli-Ilona,11
Ellinore,11
Elpi,11
Elvy,11
Emma-Karoliina,11
Enni-Maija,11
Eppu,11
Erikka,11
Eva-Leena,11
Evangeline,11
Fahmo,11
Fatuma,11
Florentina,11
Giia,11
Giovanna,11
Grazyna,11
Gunne,11
Hafso,11
Hala,11
Hanna-Katriina,11
Hanna-Stiina,11
Heidy,11
Hélène,11
Heta-Liisa,11
Hibaaq,11
Hibaq,11
Hidajete,11
Hillamari,11
Hilla-Mari,11
Ida-Amanda,11
Iina-Kaisa,11
Iita-Maria,11
Ikra,11
Ildikó,11
Ina-Maria,11
Inga-Lisa,11
Inka-Maaria,11
Ioanna,11
Ippa,11
Iria,11
Iza,11
Izabel,11
Jadeliina,11
Jasemin,11
Jasminka,11
Jelizaveta,11
Jennamiia,11
Jenni-Liisa,11
Jenni-Maaria,11
Jerita,11
Joela,11
Josefia,11
Josie,11
Julita,11
Kaija-Helena,11
Kaija-Maija,11
Kaire,11
Kaisamaria,11
Kaisa-Reeta,11
Kaisla-Maria,11
Kariina,11
Kassandra,11
Katarine,11
Katharine,11
Khadijah,11
Khadijo,11
Khadro,11
Kimete,11
Kinga,11
Kirsi-Liisa,11
Krenare,11
Kristy,11
Lan,11
Lavin,11
Leili,11
Lembi,11
Lii,11
Liliane,11
Liliia,11
Lilyan,11
Liona,11
Lippe,11
Lis,11
Lise-Maj,11
Lita,11
Loreta,11
Lotta-Liina,11
Lumo,11
Ma.,11
Maiju-Liina,11
Maisu,11
Maliina,11
Mallu,11
Margitha,11
Marie-Helene,11
Marileena,11
Marja-Sinikka,11
Meeli,11
Meral,11
Meria,11
Merihelmi,11
Meri-Kukka,11
Miia-Leena,11
Milja-Maaria,11
Milla-Riikka,11
Milva,11
Minna-Johanna,11
Minnaleena,11
Minnamaija,11
Mio,11
Miri,11
Mirja-Kaarina,11
Moona-Maria,11
Mumtaz,11
Nadra,11
Nala,11
Neili,11
Nerea,11
Nerissa,11
Neva,11
Nina-Johanna,11
Nina-Marie,11
Nora-Maria,11
Orla,11
Orvo,11
Outi-Katariina,11
Outi-Maaria,11
Pami,11
Paula-Riitta,11
Pelagia,11
Pia-Christina,11
Pike,11
Piretta,11
Pirkka,11
Pirve,11
Prisilla,11
Pyry,11
Päivi-Riitta,11
Rahima,11
Reija-Leena,11
Riija,11
Riikka-Maaria,11
Riikka-Susanna,11
Rita-Maria,11
Ritu,11
Rosabella,11
Rosa-Liina,11
Rosa-Linda,11
Rose-May,11
Roxanne,11
Runa-Lisa,11
Saija-Riitta,11
Samina,11
Sanaz,11
Sane,11
Sari-Sisko,11
Satu-Kristiina,11
Satu-Marika,11
Satu-Marjaana,11
Sea,11
Seinab,11
Selinda,11
Senni-Sofia,11
Seyedeh,11
Shahnaz,11
Shan,11
Shanti,11
Shari,11
Shima,11
Shpresa,11
Sievi,11
Sini-Johanna,11
Sini-Marika,11
Sisi,11
Snöfrid,11
Sofiel,11
Sofiya,11
Soheila,11
Sol,11
Su,11
Sulevi,11
Sultan,11
Suvi-Pauliina,11
Suvi-Pilvi,11
Tahiti,11
Tarja-Anneli,11
Tarja-Sisko,11
Tereza,11
Terri,11
Thora,11
Tiia-Maaria,11
Tiia-Marika,11
Timea,11
Timna,11
Toni,11
Tonya,11
Torhild,11
Tran,11
Trina,11
Tuija-Maija,11
Tuula-Marjatta,11
Tuuli-Anna,11
Ulpukka,11
Wafa,11
Vaili,11
Valbona,11
Valbone,11
Viive,11
Vineta,11
Viri,11
Yasmiin,11
Zena,11
Zita,11
Aalo,10
Adelin,10
Aferdita,10
Aila-Maija,10
Aileen,10
Ailiina,10
Aino-Helena,10
Aino-Maaria,10
Ala,10
Aliise,10
Alja,10
Almina,10
Amadea,10
Amara,10
Amilda,10
Andreea,10
Anilla,10
Anna-Inkeri,10
Anna-Kreeta,10
Anna-Mia,10
Anna-Miia,10
Anna-Roosa,10
Ann-Caroline,10
Anne-Birgitta,10
Annely,10
Annileena,10
Anni-Liisa,10
Anni-Riina,10
Anni-Riitta,10
Anni-Roosa,10
Ann-Katrine,10
Ann-Maarit,10
Anvi,10
Arja-Helena,10
Arwa,10
Ave,10
Avelia,10
Avella,10
Bahja,10
Bambi,10
Baran,10
Bayan,10
Benin,10
Besa,10
Bia,10
Bigga,10
Bleona,10
Candice,10
Caren,10
Cathrin,10
Catja,10
Cécile,10
Chantelle,10
Colette,10
Cristine,10
Dahabo,10
Danika,10
Danuta,10
Desire,10
Dua,10
Eeli,10
Eeni,10
Eija-Marja,10
Eila-Sisko,10
Eileen,10
Elbe,10
Elga,10
Elisia,10
Ella-Emilia,10
Ella-Olivia,10
Ella-Riikka,10
Elli-Lotta,10
Ellis,10
Elnaz,10
Elodie,10
Elsbet,10
Emel,10
Emmakaisa,10
Emma-Roosa,10
Emmi-Liina,10
Erjona,10
Eva-Kristina,10
Evangelia,10
Fanny-Maria,10
Farhana,10
Farideh,10
Finja,10
Fjolla,10
Frances,10
Francine,10
Freyja,10
Gentiana,10
Gerli,10
Giada,10
Gry,10
Gwen,10
Haawo,10
Haidi,10
Haley,10
Hanna-Elisa,10
Hanna-Laura,10
Hanne-Riikka,10
Hanni-Mari,10
Hebe,10
Heidi-Marie,10
Heile,10
Heli-Sisko,10
Hellikki,10
Helmi-Riitta,10
Henrita,10
Hilal,10
Hilkka-Leena,10
Hillamaria,10
Ida-Annika,10
Ida-Elina,10
Ida-Julia,10
Imane,10
Inga-Maj,10
Ivanka,10
Ivanna,10
Iwona,10
Izabela,10
Jaael,10
Jannat,10
Jazmin,10
Jeanna,10
Jenna-Emilia,10
Jette,10
Jin,10
Jolana,10
Jona,10
Jonna-Kaisa,10
Josette,10
Juan,10
Julienna,10
Jutta-Mari,10
Juuli-Maria,10
Kaija-Sisko,10
Kaisu-Liisa,10
Kaitlin,10
Kathrin,10
Kati-Mari,10
Kausar,10
Kaya,10
Kirsi-Hannele,10
Kirsi-Marie,10
Kirsi-Marjaana,10
Kirsti-Maija,10
Kiuru,10
Klea,10
Konstantina,10
Kowsar,10
Kreetta-Liisa,10
Krystyna,10
Lalla,10
Larin,10
Larysa,10
Laure,10
Leana,10
Lemmikki,10
Leonita,10
Leonor,10
Liina-Kaisa,10
Liisamari,10
Liisamaria,10
Liljan,10
Ling,10
Liridona,10
Liya,10
Loretta,10
Lotta-Leena,10
Ludmilla,10
Lul,10
Lyyra,10
Maarita,10
Maika,10
Mandana,10
Manti,10
Mara,10
Maram,10
Margitta,10
Maria-Kristiina,10
Mari-Tuulia,10
Marja-Riikka,10
Marjo-Hannele,10
Marjo-Reetta,10
Marzieh,10
Meera,10
Meli,10
Meriitta,10
Merima,10
Meri-Sisko,10
Meri-Tuulikki,10
Meta,10
Mette-Maarit,10
Mia-Riikka,10
Mii,10
Miimi,10
Miki,10
Mila-Maria,10
Milaya,10
Milja-Emilia,10
Milla-Riitta,10
Milla-Roosa,10
Mine,10
Mireka,10
Mirjaliisa,10
Mirjana,10
Mirke,10
Misella,10
Mona-Liisa,10
Monja,10
Morsal,10
Muntaha,10
Nadira,10
Nanda,10
Neli,10
Nelliina,10
Nenja,10
Neonilla,10
Nessi,10
Nguyet,10
Nigar,10
Niina-Liisa,10
Niina-Maija,10
Nikola,10
Nina-Marika,10
Onja,10
Ophelia,10
Outi-Leena,10
Paige,10
Pella,10
Pertta,10
Pia-Carita,10
Pia-Helena,10
Piia-Johanna,10
Pilvikki,10
Piri,10
Pirje,10
Pirjo-Helena,10
Pirjoriitta,10
Pirkitta,10
Pirkko-Helena,10
Precious,10
Pricella,10
Raija-Sisko,10
Raika,10
Razan,10
Reija-Riitta,10
Reita,10
Rena,10
Rene,10
Riana,10
Riia-Liisa,10
Riikka-Elina,10
Riikka-Sisko,10
Riina-Lotta,10
Rika,10
Rispa,10
Rista,10
Ritja,10
Rosa-Emilia,10
Rosmari,10
Rosmarie,10
Saana-Sofia,10
Sabiriin,10
Sabirin,10
Sadie,10
Saga-Maria,10
Saidi,10
Saila-Maria,10
Sallamaarit,10
Sandra-Sofia,10
Sanna-Kaija,10
Sannaliisa,10
Sanya,10
Sara-Tuuli,10
Sari-Minna,10
Sarla,10
Satu-Leena,10
Sawsan,10
Seija-Sinikka,10
Semra,10
Seni,10
Senita,10
Sennu,10
Serafiia,10
Shakila,10
Shams,10
Sheima,10
Shilan,10
Shira,10
Shiva,10
Shkurte,10
Sinea,10
Sinem,10
Sini-Maaret,10
Sini-Mari,10
Sirius,10
Sirpa-Helena,10
Sisko-Riitta,10
Suha,10
Sumaiya,10
Sumeja,10
Susi,10
Svenja,10
Taija-Leena,10
Taina-Liisa,10
Tarja-Maarit,10
Tarja-Terttu,10
Terhi-Maria,10
Terttu-Maija,10
Tessaliina,10
Thien,10
Tida,10
Tiinakaisa,10
Timja,10
Tosca,10
Tuula-Mari,10
Ulla-Terttu,10
Ulli,10
Umayma,10
Urszula,10
Valentiina,10
Walma,10
Valmu,10
Van,10
Vendi,10
Vesna,10
Viivi-Sofia,10
Xiao,10
Xin,10
Zana,10
Zarina,10
Zlata,10
Zuzanna,10
Özlem,10
