Tuula,31592
Anne,30616
Päivi,30266
Ritva,30107
Anna,30051
Leena,29292
Pirjo,28710
Sari,27880
Minna,27830
Marja,27340
Tiina,26004
Riitta,25948
Tarja,25035
Pirkko,24306
Laura,23578
Seija,22556
Eeva,22420
Aino,22358
Liisa,22358
Raija,22035
Anja,21897
Sirpa,21764
Jaana,21582
Satu,21566
Heidi,21398
Hanna,21348
Sanna,21124
Eila,20992
Eija,20507
Maria,20259
Merja,19884
Johanna,19508
Kirsi,19489
Maija,18720
Arja,19109
Paula,18107
Ulla,17848
Sirkka,17387
Jenni,16868
Elina,16267
Katja,15824
Mari,15162
Heli,15090
Anni,14943
Nina,14904
Raili,14838
Terttu,14758
Hilkka,14223
Kirsti,13998
Emma,13970
Mirja,13882
Helena,12894
Kaija,12627
Anu,12619
Tuija,12465
Niina,11723
Sara,11716
Emilia,11491
Kaisa,11375
Suvi,11243
Pia,11124
Saara,11016
Irma,11015
Tanja,10971
Aila,10965
Ella,10963
Jenna,10743
Leila,10739
Sofia,10554
Katri,10504
Maarit,10472
Kati,10435
Henna,10389
Marjo,10353
Lea,10250
Veera,10100
Noora,10072
Irja,9824
Susanna,9776
Riikka,9677
Julia,9575
Marja-Leena,9527
Iida,9479
Kerttu,9391
Outi,9303
Sinikka,9255
Mervi,9213
Taina,9182
Helmi,8902
Milla,8860
Jonna,8854
Virpi,8810
Emmi,8560
Miia,8421
Venla,8367
Marja-Liisa,8365
Sonja,8229
Tiia,8077
Marika,7753
Elli,7602
Siiri,7574
Lotta,7543
Terhi,7488
Elsa,7441
Sini,7311
Sanni,7310
Sisko,7309
Annika,7164
Vilma,7095
Aune,7052
Teija,7047
Mira,7033
Ida,6992
Mia,6773
Oona,6749
Maire,6654
Anita,6652
Essi,6492
Nea,6365
Airi,6279
Linda,6273
Piia,6237
Aada,6221
Taru,6153
Viivi,6110
Anneli,5991
Marita,5782
Petra,5723
Anna-Liisa,5684
Elisa,5485
Roosa,5461
Erja,5454
Salla,5397
Silja,5346
Vuokko,5284
Pinja,5280
Iina,5219
Helvi,4991
Ronja,4908
Marjatta,4901
Krista,4869
Amanda,4865
Aili,4795
Inka,4758
Riina,4706
Enni,4649
Milja,4638
Jenny,4612
Marianne,4602
Marjut,4593
Lilja,4567
Martta,4531
Toini,4451
Salme,4450
Olivia,4419
Jasmin,4413
Eva,4366
Soile,4323
Eveliina,4307
Iiris,4199
Ilona,4153
Elvi,4138
Saana,4042
Kristiina,4027
Anniina,3999
Maija-Liisa,3986
Asta,3953
Katariina,3936
Ellen,3925
Hannele,3916
Aira,3911
Eevi,3906
Reetta,3886
Nelli,3812
Auli,3804
Sirkka-Liisa,3781
Laila,3778
Meeri,3769
Saija,3743
Linnea,3692
Rauni,3670
Alisa,3632
Maiju,3617
Pihla,3576
Minttu,3560
Taimi,3476
Heini,3458
Eira,3448
Jessica,3444
Kaisu,3425
Armi,3415
Meri,3332
Tuuli,3326
Nella,3222
Matilda,3192
Erika,3168
Pauliina,3126
Camilla,3117
Alina,3057
Rauha,2990
Neea,2980
Kaarina,2952
Sirkku,2939
Mirva,2932
Janina,2889
Sylvi,2863
Carita,2861
Karoliina,2829
Eeva-Liisa,2785
Oili,2784
Soili,2697
Senja,2692
Anna-Maija,2684
Hilla,2659
Maila,2658
Jutta,2634
Elena,2567
Olga,2557
Minea,2545
Irene,2544
Margit,2530
Lahja,2493
Mila,2475
Birgitta,2465
Ada,2453
Alli,2450
Irina,2437
Peppi,2404
Alma,2379
Tytti,2379
Hilja,2377
Netta,2337
Tea,2332
Vieno,2260
Mirka,2253
Maritta,2238
Saimi,2222
Anne-Mari,2212
Ulla-Maija,2165
Kiia,2159
Hilma,2155
Mona,2135
Marina,2131
Viola,2110
Helka,2109
Saga,2106
Tyyne,2085
Iris,2082
Sandra,2068
Saila,2060
Virve,2051
Annikki,2045
Senni,2045
Nora,2043
Kristina,2027
Lumi,2021
Stella,2018
Aini,2003
Hilda,1986
Jemina,1976
Janika,1975
Aija,1974
Eine,1957
Vilja,1934
Isla,1929
Susanne,1921
Karin,1918
Vappu,1903
Rosa,1899
Fanny,1886
Fanni,1876
Tuire,1873
Janette,1869
Taija,1854
Aava,1840
Juulia,1828
Wilma,1825
Elma,1824
Katriina,1823
Rita,1804
Alexandra,1790
Heta,1778
Hanne,1770
Inga,1761
Jade,1733
Janita,1732
Reija,1706
Monica,1690
Selma,1690
Natalia,1679
Riitta-Liisa,1678
Inkeri,1677
Minja,1677
Anette,1668
Birgit,1664
Lilli,1662
Hertta,1655
Moona,1634
Vera,1630
Salli,1616
Joanna,1610
Maisa,1604
Mirjam,1600
Marketta,1588
Isabella,1577
Varpu,1574
Eerika,1573
Eini,1554
Anna-Kaisa,1552
Irmeli,1543
Heljä,1538
Janna,1535
Helli,1533
Elsi,1514
Helga,1502
Frida,1498
Vanessa,1466
Titta,1445
Kia,1442
Anna-Maria,1423
Tuulikki,1421
Kerstin,1415
Mette,1412
Aurora,1388
Miisa,1387
Seela,1385
Christina,1374
Marjaana,1368
Lena,1366
Brita,1357
Raisa,1346
Iisa,1342
Anitta,1328
Marja-Terttu,1328
Tilda,1317
Kiira,1314
Kirsi-Marja,1314
Ninni,1299
Tuovi,1282
Tia,1257
Aliisa,1256
Mikaela,1255
Annukka,1252
Cecilia,1250
Lempi,1243
Laina,1237
Miina,1217
Inger,1208
Kyllikki,1205
Hanna-Mari,1204
Hanna-Leena,1193
Thi,1190
Ira,1177
Elin,1171
Melissa,1171
Reeta,1161
Berit,1155
Helinä,1152
Anna-Mari,1134
Kaisla,1134
Henni,1131
Elise,1120
Marja-Riitta,1119
Siv,1115
Barbro,1113
Raila,1109
Siru,1104
Tina,1104
Daniela,1103
Else,1089
Lisa,1089
Marianna,1089
Melina,1086
Carola,1085
Aura,1084
Sointu,1083
Tuulia,1079
Stina,1066
Malin,1065
Solveig,1045
Katarina,1043
Hely,1026
Svetlana,1016
Anna-Leena,1012
Pirkko-Liisa,1002
Valma,1001
Enna,999
Saima,999
Karita,996
Gunilla,973
Pilvi,972
Annina,969
Liina,969
Marie,966
Anne-Maria,965
Tinja,965
Marjo-Riitta,959
Saaga,959
Sanna-Mari,959
Teresa,958
Elle,954
Carina,952
Taika,948
Mimosa,942
Juuli,941
Neela,939
Maj-Britt,938
Lilian,930
Mea,929
Säde,924
Erin,921
Lina,917
Ester,911
Kira,911
Leea,908
Virva,902
Lyyli,897
Susan,897
Tessa,891
Eliisa,888
Diana,879
Monika,876
Henriikka,875
Greta,874
Victoria,872
Sarah,865
Inna,863
Hanna-Kaisa,862
Maija-Leena,861
Gun,859
Nanna,858
Milka,851
Tatiana,848
Astrid,840
Riia,836
Charlotta,833
Erica,831
Janica,829
Liisi,827
Aulikki,822
Janni,817
Gunnel,815
Bertta,807
Rebecca,806
Tellervo,806
Marjukka,804
Anne-Marie,798
Edith,794
Nadja,790
Josefiina,787
Åsa,785
Vivian,782
Harriet,779
Annu,776
Ansa,774
Adele,773
Mirjami,773
Margareta,769
Mirella,766
Maaret,764
Jasmine,754
Jatta,754
Ingrid,748
Aida,746
Gunvor,746
Lyydia,746
Alva,739
Pipsa,739
Nita,738
Rebekka,734
Aleksandra,733
Ebba,730
Nelly,724
Suoma,723
Ruut,721
Sohvi,721
Minka,718
Mimmi,716
Benita,715
Ruth,713
Onerva,707
Annamari,706
Verna,697
Piritta,694
Fiona,692
Rea,684
Pirita,680
Isa,677
Mailis,674
Iita,672
Ann-Mari,668
Doris,668
Lila,660
Orvokki,658
Ekaterina,654
Meea,646
Mirkka,639
Iines,638
Aamu,636
Malla,636
Isabel,635
Luna,634
Alice,633
Unna,631
Sofie,628
Anastasia,626
Lilia,626
Britta,625
Annette,624
Ava,623
Matleena,617
Ilmi,616
Selina,614
Minni,610
Yvonne,608
Ann,605
Sarita,605
Tove,604
Ina,602
Elna,597
Inari,597
Jennifer,594
Sylvia,588
Pirjo-Riitta,586
Regina,584
Amalia,582
Ilse,575
Maj-Lis,575
Raakel,574
Sabina,573
Kaino,570
Saini,570
Amelia,568
Hanna-Maria,566
Marju,562
Martina,561
Elviira,556
Impi,555
Viena,552
Elisabeth,541
Siri,541
Ines,540
Jasmiina,539
Christa,534
Patricia,534
Maya,533
Christel,531
Henna-Riikka,529
Milena,529
Tara,527
Ulrika,527
Hellevi,526
Carolina,524
Ritva-Liisa,522
Anne-Maarit,514
Eivor,513
Galina,513
Kielo,511
Helen,509
Ida-Maria,509
Valentina,508
Pirjo-Liisa,507
Signe,507
Sinna,507
Tatjana,505
Ria,503
Lisbeth,499
Emily,498
Hillevi,497
Selja,497
Bea,492
Eve,490
Jessika,489
Natalie,488
Veronica,485
Linn,484
Elisabet,483
Eija-Liisa,481
Siina,479
Sirja,476
Sanna-Kaisa,475
Livia,473
Eeva-Maria,465
Lydia,463
Noomi,463
Felicia,462
Agneta,460
Lara,455
Eeva-Maija,450
Esteri,450
Tua,449
Maaria,448
Claudia,446
Evelina,445
Charlotte,442
Meiju,441
Elvira,440
Sanna-Maria,439
Sani,438
Soila,436
Lily,435
Anna-Sofia,433
Alissa,431
Sofi,431
Silva,429
Vilhelmiina,425
Mary,422
Tamara,422
Ellinoora,421
Josefina,420
Lili,419
Märta,419
Michelle,414
Nicole,413
Iida-Maria,411
Agnes,410
Miranda,409
Helmiina,408
Anne-Maj,403
Stiina,403
Julianna,402
Loviisa,402
Nuppu,400
Christine,399
Jane,399
Teea,399
Assi,397
Lumia,397
Melinda,397
Hellä,395
Nathalie,393
Hannamari,392
Michaela,392
Rakel,390
Ulpu,388
Silvia,387
Heleena,385
Sarianna,385
Maili,383
Emelie,380
Jelena,380
Fiia,378
Roosa-Maria,378
Liinu,377
Jeanette,376
Bettina,375
Gun-Britt,374
Nana,374
Annemari,371
Caroline,371
Maj,371
Hellin,370
Hanna-Maija,368
Jannika,368
Briitta,364
Karla,363
Larissa,362
Aliina,359
Aina,356
Leena-Maija,356
Madeleine,354
Tiia-Maria,353
Amina,350
Kirsi-Maria,350
Linnéa,350
Ann-Marie,349
Elea,349
Svea,349
Moa,348
Sophie,348
Karolina,347
Pamela,347
Veronika,347
Gretel,346
Minna-Liisa,345
Nenna,343
Clara,342
Jasmina,339
Mandi,339
Eedit,338
Jarna,338
Raija-Liisa,336
Amelie,334
Hannah,334
Rebecka,334
Anelma,332
Alicia,331
Annastiina,330
Viktoria,330
Miira,328
Mirja-Liisa,327
Sophia,327
Milana,326
Lenita,324
Pernilla,324
Leeni,321
Ann-Christine,319
Beata,318
Maja,318
Mai,317
Edit,316
Mathilda,316
Henrietta,315
Lidia,315
Merita,315
Göta,314
Louna,313
Mariia,311
Gerd,310
Jenniina,309
Andrea,307
Vaula,307
Rosita,304
Maj-Len,303
Ramona,303
Helene,302
Marit,300
Rut,300
Yasmin,300
Kaarin,299
Aisha,298
Riika,298
Eeva-Kaisa,297
Erna,297
Hulda,297
Rosanna,297
Vivi,295
Iitu,294
Beatrice,293
Mariitta,293
Sanja,293
Jessi,292
Lisbet,288
Mari-Anne,288
Sonia,288
Leona,287
Samira,287
Hilppa,283
Ninja,282
Miriam,281
Salla-Mari,281
Hanna-Riikka,280
Sade,280
Annica,278
Bella,278
Thea,278
Eeva-Riitta,277
Kreetta,277
Arja-Liisa,276
Ursula,276
Carla,274
Eeva-Leena,274
Raita,274
My,273
Susa,272
Anri,271
Kaija-Leena,267
Karina,267
Margarita,267
Mariam,267
Angelica,262
Anna-Riikka,262
Salma,262
Kajsa,260
Britt-Marie,259
Fatima,258
Mariella,258
Nadia,258
Maija-Riitta,257
Viveka,257
Micaela,256
Miila,255
Paulina,255
Maikki,254
Marlene,254
Henrika,253
Ann-Christin,252
Bianca,252
Jadessa,251
Jennie,251
Rosa-Maria,251
Justiina,250
Ninna,250
Arja-Leena,248
Edla,247
Jenina,247
Anna-Riitta,246
Disa,246
Freja,246
Lia,246
Tiiu,245
Nette,244
Ylva,244
Louise,242
Susann,242
Viveca,242
Hanni,241
Melisa,239
Josefine,238
Maini,238
Anna-Lena,237
Else-Maj,237
Josefin,237
Meri-Tuuli,236
Auni,234
Klara,233
Sirke,233
Emilie,232
Ilta,232
Naomi,232
Suvi-Tuuli,232
Annakaisa,230
Auri,230
Dina,230
Laimi,230
Hjördis,229
Sirpa-Liisa,229
Anna-Kaarina,228
Marke,228
Eeva-Kaarina,227
Hanna-Liisa,227
Marleena,227
Eva-Maria,226
Lilly,226
Riitta-Leena,226
Telma,225
Aino-Maija,224
Ruusa,224
Britt,223
Ilma,223
Adelina,222
Arla,222
Jannica,222
Seidi,222
Zahra,222
Isabelle,221
Kaija-Liisa,221
Minna-Maria,221
Angelina,220
Anna-Lisa,220
Evi,220
Merja-Liisa,219
Ulla-Riitta,219
Amira,218
Pieta,218
Klaara,217
Sanelma,217
Sanna-Maija,217
Aino-Maria,216
Catharina,216
Leni,216
Sannamari,216
Katrina,215
Juliana,214
Sabrina,214
Sarianne,214
Cassandra,212
Emmiina,212
Sigrid,212
Liia,211
Maryam,211
Nancy,211
Eliina,209
Elmi,209
Noona,209
Solja,209
Tilde,209
Tinka,209
Janet,208
Maia,208
Pia-Maria,208
Usva,208
Jennika,207
Ann-Sofie,206
Daria,206
Heidi-Maria,206
Margita,206
Kukka,205
Lovisa,205
Päivikki,205
Etel,204
Ksenia,204
Molly,204
Rianna,204
Sienna,204
Wilhelmiina,204
Gabriella,202
Sanna-Leena,202
Elli-Noora,200
Sissi,200
May,199
Nadezda,199
Angela,198
Kukka-Maaria,198
Larisa,198
Marissa,198
Piitu,198
Tia-Maria,198
Minna-Mari,197
Eija-Riitta,196
Synnöve,196
Valeria,196
Bodil,195
Anne-Maija,194
Catarina,193
Reea,192
Ann-Britt,191
Annie,190
Ellinor,190
Alla,189
Liudmila,189
Sallamari,189
Filippa,188
Jana,188
Adessa,187
Carmen,187
Elizabeth,187
Satu-Maarit,187
Gurli,186
Magdalena,186
Vivan,186
Adalmiina,184
Marica,184
Mariel,184
Eleonora,183
Gunhild,183
Peppiina,183
Sally,182
Ani,181
Emmy,181
Kiti,181
Kamilla,180
Antonia,179
Jasmi,179
Sina,179
Lotte,178
Riitta-Maija,178
Ann-Sofi,177
Tekla,177
Kaisa-Leena,176
Katrin,176
Lyyti,176
Ruusu,176
Annele,175
Fia,175
Anne-Marja,173
Gertrud,173
Cindy,172
Juliaana,172
Suvi-Tuulia,172
Minerva,171
Venny,171
Celina,170
Inga-Lill,170
Annamaija,169
Ella-Maria,169
Ingegerd,169
Kirsikka,169
Kreeta,169
Amy,168
Tanya,168
Ethel,167
Ljudmila,167
Tiina-Liisa,167
Denise,166
Evita,166
Polina,166
Tarja-Leena,166
Gudrun,163
Adeliina,162
Meimi,162
Mimi,162
Adelia,161
Ana,161
Marta,160
Dagny,159
Elizaveta,159
Helle,159
Yulia,159
Gunborg,158
Ingeborg,158
Crista,157
Nellie,157
Raija-Leena,157
Rina,157
Hille,156
Margaretha,156
Ranja,156
Ann-Charlotte,155
Majlis,155
Ann-Kristin,154
Clarissa,154
Esther,154
Karen,154
Lucia,154
Fadumo,152
Iira,152
Katri-Helena,152
Annaleena,151
Henna-Maria,151
Mina,151
Anni-Maria,150
Pirjo-Leena,150
Manta,149
Margot,149
Milma,149
Thelma,149
Viia,149
Eden,148
Hedvig,148
Hilpi,148
Julie,148
Lisen,148
Tindra,148
Wenla,148
Klaudia,147
Santra,147
Tarja-Liisa,147
Ida-Sofia,146
Liana,146
Nanni,146
Rose,146
Tiia-Mari,146
Betty,145
Tiitu,145
Hannaleena,144
Rose-Marie,144
Theresa,144
Annamaria,142
Catherine,142
Martha,142
Stephanie,142
Cia,141
Selena,141
Tiina-Maija,141
Janniina,140
Kaisa-Maria,140
Tania,140
Aino-Kaisa,139
Leena-Kaisa,139
Nia,139
Maria-Liisa,138
Miia-Maria,137
Natasha,137
Jenni-Maria,136
Iia,135
Lumina,135
Sara-Sofia,135
Ulla-Britt,135
Annabella,134
Belinda,134
Liv,134
Maria-Leena,134
Melanie,134
Mia-Maria,134
Salla-Maria,134
Anna-Reetta,133
Fredrika,133
Gerda,133
Karola,133
Kata,133
Nina-Maria,133
Renja,133
Ann-Louise,132
Hilkka-Liisa,132
Laura-Maria,132
Saara-Maria,132
Gunnevi,131
Hanne-Mari,131
Judith,131
Milla-Maria,131
Eva-Liisa,130
Mariana,130
Marie-Louise,130
Marja-Sisko,130
Märtha,130
Miitta,129
Anna-Elina,128
Gabriela,128
Malva,128
Meri-Tuulia,127
Nilla,127
Ragni,127
Evelin,126
Malena,125
Ngoc,125
Oxana,125
Marisa,124
Niia,124
Oksana,124
Pulmu,124
Sanna-Liisa,124
Suvi-Päivikki,124
Vanamo,124
Aurelia,123
Cilla,123
Therese,123
Barbara,122
Cristina,122
Jenita,122
Judit,122
Ragnhild,122
Seija-Liisa,122
Eedla,121
Lola,121
Sofianna,121
Yasmine,121
Anna-Stina,120
Carin,120
Dana,120
Evelyn,120
Freya,120
Riikka-Liisa,120
Darja,119
Dorrit,119
Gun-Maj,119
Marian,119
Tiina-Maria,119
Evgenia,118
Menni,118
Natalja,118
Tiina-Mari,118
Daniella,117
Henna-Mari,117
Marikki,117
Nona,117
Senna,117
Angelika,116
Ia,116
Inge,116
Lioudmila,116
Nonna,116
Pälvi,116
Ritva-Leena,116
Anja-Riitta,115
Ann-Maj,115
Eeva-Marja,114
Kanerva,114
Kim,114
Minnea,114
Enja,113
Ghita,113
Janessa,113
Odessa,113
Friida,112
Ingela,112
Unelma,112
Zainab,112
Anna-Emilia,111
Anna-Kristiina,111
Annikka,111
Halla,111
Kristel,111
Nova,111
Merituuli,110
Pirre,110
Arina,109
Talvikki,109
Tilma,109
Yrsa,109
Eleonoora,108
Jennica,108
Ringa,108
Sivi,108
Ulla-Maria,108
Ellie,107
Linda-Maria,107
Linne,107
Merja-Riitta,107
Nitta,107
Tuula-Maija,107
Alena,106
Anisa,106
Iida-Sofia,106
Kaisa-Liisa,106
Katharina,106
Kitty,106
Marjaleena,106
Milaja,106
Monna,106
Nicola,106
Satu-Maria,106
Terese,106
Tuisku,106
Ann-Lis,105
Hedda,105
Lillemor,105
Oosa,105
Rachel,105
Saida,105
Suvi-Maria,105
Adriana,104
Liubov,104
Ona,104
Simone,104
Adina,103
Beda,103
Eimi,103
Maj-Gret,103
Myy,103
Nadejda,103
Safia,103
Ulla-Mari,103
Majvor,102
Peggy,102
Sahra,102
Alexia,101
Amal,101
Nelma,101
Sera,101
Serena,101
Annaliisa,100
Marion,100
Mirja-Leena,100
Runa,100
Ariana,99
Jetta,99
Josephine,99
Kiara,99
Lauha,99
Leah,99
Marja-Helena,99
Nicolina,99
Sari-Anne,99
Tuike,99
Alessia,98
Dora,98
Iman,98
Rhea,98
Ruska,98
Sira,98
Anne-Riitta,97
Antonina,97
Gunn,97
Ludmila,97
Norma,97
Paju,97
Sirje,97
Arja-Riitta,96
Daisy,96
Elsie,96
Juni,96
Leyla,96
Riikka-Maria,96
Saskia,96
Tyra,96
Britt-Mari,95
Jolanda,95
Maud,95
Raini,95
Sallamaari,95
Tyyni,95
Ulla-Marja,95
Nanne,94
Samantha,94
Eija-Leena,93
Emma-Sofia,93
Janiina,93
Milda,93
Rinna,93
Sylva,93
Vella,93
Wilhelmina,93
Vivia,93
Annariina,92
Neelia,92
Hanna-Riitta,91
Juliet,91
Peppi-Lotta,91
Sabine,91
Sinja,91
Ulrica,91
Alexa,90
Estrid,90
Gun-Lis,90
Mariela,90
Rania,90
Rilla,90
Seelia,90
Anna-Marja,89
Elmiina,89
Jekaterina,89
Kate,89
Zara,89
Anni-Mari,88
Gisela,88
Nikita,88
Sella,88
Tutta,88
Ainu,87
Hannakaisa,87
Irja-Liisa,87
Katerina,87
Minnamari,87
Serafiina,87
Alise,86
Anni-Sofia,86
Celine,86
Emmi-Lotta,86
Hafsa,86
Hellen,86
Hilve,86
Inga-Britt,86
Lulu,86
Lyydi,86
Nessa,86
Sonya,86
Tatja,86
Terja,86
Ulla-Maj,86
Urpu,86
Asma,85
Khadija,85
Ljubov,85
Minna-Leena,85
Minna-Maarit,85
Sara-Maria,85
Tita,85
Anja-Liisa,84
Kirsi-Maarit,84
Marija,84
Minna-Riitta,84
Tiina-Riitta,84
Tuula-Marja,84
Anna-Stiina,83
Ea,83
Emma-Lotta,83
Ewa,83
Hennariikka,83
Liisa-Maria,83
Mei,83
Mirette,83
Nada,83
Sumaya,83
Inez,82
Jannina,82
Kaisa-Mari,82
Kirsimarja,82
Leia,82
Maarika,82
Marjaliisa,82
Merike,82
Sanna-Maarit,82
Zeinab,82
Jennina,81
Milli,81
Sharon,81
Tiuku,81
Vellamo,81
Aniitta,80
Annabel,80
Anna-Katariina,80
Chloe,80
Anna-Karin,79
Fiina,79
Hani,79
Henny,79
Isabell,79
Jenna-Maria,79
Maura,79
Meira,79
Merja-Leena,79
Rauna,79
Rosaliina,79
Sini-Maria,79
Eea,78
Gunn-Britt,78
Helly,78
Hodan,78
Marja-Kaarina,78
Mirikli,78
Salla-Maaria,78
Valborg,78
Adela,77
Anitra,77
Anne-Kristiina,77
Mariann,77
Nanny,77
Ayan,76
Eela,76
Gina,76
Grace,76
Gunda,76
Hanna-Reetta,76
Line,76
Manda,76
Marja-Kaisa,76
Minna-Kaisa,76
Satu-Marja,76
Celia,75
Lauriina,75
Li,75
Raina,75
Valpuri,75
Alyssa,74
Asha,74
Gitta,74
Gitte,74
Maryan,74
Petriina,74
Pirkko-Leena,74
Sunna,74
Teresia,74
Ann-Katrin,73
Enne,73
Estelle,73
Inge-Maj,73
Jill,73
Kaija-Riitta,73
Meja,73
Opri,73
Tiina-Kaisa,73
Etta,72
Fatma,72
Thuy,72
Anna-Karoliina,71
Evelia,71
Ireene,71
Janetta,71
Juliette,71
Manna,71
Mianna,71
Sini-Tuulia,71
Thanh,71
Anna-Lotta,70
Anna-Maaria,70
Anne-Marita,70
Beeda,70
Enya,70
Hamdi,70
Huda,70
Isra,70
Jenni-Mari,70
Lana,70
Lucy,70
Mirkku,70
Nanette,70
Niina-Maria,70
Pirta,70
Ronya,70
Ensi,69
Katherine,69
Kiana,69
Liliana,69
Lotta-Maria,69
Mari-Anna,69
Sirkka-Leena,69
Taiga,69
Zoe,69
Anu-Riikka,68
Jonna-Maria,68
Liisa-Maija,68
Miida,68
Nadine,68
Nea-Maria,68
Nimo,68
Noor,68
Paola,68
Salla-Maarit,68
Sanna-Riikka,68
Sole,68
Suvituuli,68
Venja,68
Abigail,67
Aicha,67
Amélie,67
Anni-Kaisa,67
Cajsa,67
Kirsi-Mari,67
Meija,67
Minda,67
Nemi,67
Siviä,67
Terttu-Liisa,67
Venni,67
Bernice,66
Halima,66
Iina-Maria,66
Leonora,66
Lise,66
Mitra,66
Nelle,66
Ulriikka,66
Unni,66
Eriika,65
Lova,65
Marje,65
Mella,65
Vienna,65
Eelin,64
Eeva-Mari,64
Elif,64
Elli-Maija,64
Kristin,64
Kristine,64
Mariina,64
Neve,64
Renata,64
Tianna,64
Tora,64
Yasemin,64
Anastassia,63
Anna-Riina,63
Greetta,63
Merika,63
Pepita,63
Riina-Maria,63
Tii,63
Tiila,63
Zaida,63
Clary,62
Dagmar,62
Gia,62
Gloria,62
Katinka,62
Liselott,62
Marwa,62
Minttu-Maria,62
Mona-Lisa,62
Noora-Maria,62
Rigmor,62
Ros-Mari,62
Serafina,62
Veea,62
Anna-Greta,61
Berta,61
Hagar,61
Hilde,61
Leena-Marja,61
Marjo-Riikka,61
Miona,61
Oivi,61
Reine,61
Riitu,61
Seija-Riitta,61
Suzan,61
Uma,61
Albina,60
Anki,60
Emmi-Sofia,60
Hele,60
Hinni,60
Liida,60
Marjo-Liisa,60
Melek,60
Minttu-Maaria,60
Tiana,60
Una,60
Ayaan,59
Eerin,59
Evy,59
Jamila,59
Milla-Mari,59
Mindi,59
Sanne,59
Sarina,59
Sorja,59
Suvi-Maaria,59
Tarja-Riitta,59
Wera,59
Annmari,58
Cara,58
Chiara,58
Eevaliisa,58
Eevastiina,58
Görel,58
Helin,58
Jamina,58
Kaari,58
Miia-Mari,58
Miili,58
Naima,58
Penni,58
Viva,58
Aana,57
Aino-Elina,57
Aino-Sofia,57
Anni-Elina,57
Bettiina,57
Corinne,57
Edna,57
Eliana,57
Emili,57
Hanna-Maarit,57
Irma-Liisa,57
Jenna-Mari,57
Kikka,57
Lene,57
Lioubov,57
Lisette,57
Mary-Ann,57
Najma,57
Rahma,57
Siiri-Sofia,57
Silla,57
Suvi-Päivi,57
Suzanne,57
Tuuli-Maria,57
Ullamaija,57
Vanja,57
Veera-Maria,57
Ayla,56
Esra,56
Inka-Maria,56
Maryama,56
Nadezhda,56
Roza,56
Satu-Maaria,56
Anu-Maarit,55
Ella-Mari,55
Emine,55
Engla,55
Eriikka,55
Erja-Liisa,55
Eva-Lisa,55
Jenika,55
Kastehelmi,55
Kersti,55
Kitta,55
Leena-Maria,55
Maritza,55
Muusa,55
Pia-Liisa,55
Riikka-Leena,55
Sini-Maaria,55
Violetta,55
Adalmina,54
Anne-May,54
Aya,54
Donna,54
Halimo,54
Hanna-Maaria,54
Janine,54
Katja-Maria,54
Kirsten,54
Maijastiina,54
Pirja,54
Satu-Sinikka,54
Shukri,54
Sol-Britt,54
Stefanie,54
Tarja-Tuulikki,54
Toive,54
Tuua,54
Veela,54
Aimi,53
Aino-Liisa,53
Anna-Helena,53
Cornelia,53
Eda,53
Ella-Noora,53
Emina,53
Flora,53
Gea,53
Ifrah,53
Irena,53
Kaisu-Leena,53
Katri-Maria,53
Laura-Kaisa,53
Leija,53
Lillian,53
Menna,53
Minna-Maija,53
Mirelle,53
Misa,53
Olena,53
Pauline,53
Tova,53
Viliina,53
Anni-Maija,52
Anu-Maria,52
Catrin,52
Dalia,52
Eeva-Stiina,52
Elissa,52
Eva-Stina,52
Hanan,52
Hildur,52
Ilana,52
Katia,52
Keiju,52
Kirsti-Liisa,52
Lise-Lotte,52
Lolan,52
Magda,52
Maija-Kaisa,52
Mari-Johanna,52
Moonika,52
Niini,52
Noelle,52
Ottilia,52
Pii,52
Safa,52
Suvi-Marja,52
Thu,52
Tiiti,52
Tuula-Riitta,52
Anceliga,51
Emmi-Maria,51
Freija,51
Henriette,51
Hong,51
Ingalill,51
Kaisa-Maija,51
Khadra,51
Layla,51
Maari,51
Marielle,51
May-Britt,51
Merit,51
Minessa,51
Rosalia,51
Safiya,51
Sahar,51
Sarri,51
Silmu,51
Soraya,51
Terhikki,51
Titti,51
Ulla-Riikka,51
Weera,51
Ann-Catrin,50
Edda,50
Ella-Sofia,50
Elly,50
Eva-Lotta,50
Jannike,50
Jenica,50
Juli,50
Merle,50
Milea,50
Minella,50
Minna-Maaria,50
Pirjetta,50
Rose-Maj,50
Savanna,50
Tonja,50
Ulla-Stina,50
Yana,50
Alinda,49
Ami,49
Anika,49
Anna-Katriina,49
Annariikka,49
Annelie,49
Eleanor,49
Hanne-Maria,49
Henrica,49
Kaiju,49
Madelene,49
Margaret,49
Medina,49
Nelli-Noora,49
Nika,49
Riitta-Sisko,49
Saana-Maria,49
Sanni-Mari,49
Tarita,49
Velma,49
Viona,49
Ada-Sofia,48
Adna,48
Alessandra,48
Anna-Maarit,48
Beea,48
Brianna,48
Danielle,48
Denice,48
Eeda,48
Etti,48
Gunlög,48
Ida-Lotta,48
Jada,48
Manja,48
Mimmu,48
Muisto,48
Oona-Maria,48
Riikka-Mari,48
Sheila,48
Soja,48
Tiffany,48
Tuija-Liisa,48
Vilda,48
Agda,47
Aleksiina,47
Anna-Kaija,47
Ann-Charlott,47
Ariel,47
Arna,47
Caroliina,47
Dania,47
Helkky,47
Immi,47
Jacqueline,47
Jonna-Mari,47
Noa,47
Pia-Mari,47
Savannah,47
Silpa,47
Soraja,47
Tinna,47
Aada-Maria,46
Aisla,46
Birit,46
Corinna,46
Elli-Maria,46
Essi-Maria,46
Helmi-Maria,46
Henriika,46
Julija,46
Malak,46
Megan,46
Milla-Maaria,46
Pricilla,46
Safira,46
Salome,46
Sarlotta,46
Siw,46
Tuva,46
Wanda,46
Zhanna,46
Anna-Katri,45
Anya,45
Esma,45
Farah,45
Hana,45
Jeannette,45
Jinna,45
Katju,45
Laine,45
Margareetta,45
Niki,45
Outi-Maria,45
Reetta-Liisa,45
Tiitta,45
Vendela,45
Vendla,45
Aivi,44
Anna-Reeta,44
Annimari,44
Claire,44
Eleni,44
Fatemeh,44
Fiinu,44
Heini-Maria,44
Ida-Emilia,44
Jemima,44
Joan,44
Julianne,44
Kaisli,44
Katrine,44
Käthe,44
Lauren,44
Liselotte,44
Louisa,44
Maret,44
Marietta,44
Metti,44
Mildrid,44
Nelia,44
Peppina,44
Saara-Maija,44
Sari-Anna,44
Sesilia,44
Sirkku-Liisa,44
Taava,44
Adalia,43
Ainomaija,43
Alessa,43
Alida,43
Azra,43
Catrine,43
Deborah,43
Demi,43
Estella,43
Hawo,43
Henna-Kaisa,43
Juulianna,43
Kuura,43
Lianna,43
Liza,43
Lykke,43
Manuela,43
Marilla,43
Marla,43
Meh,43
Mindy,43
Miska,43
Riitta-Kaisa,43
Shirin,43
Sundus,43
Yasmina,43
Carmela,42
Casandra,42
Emma-Maria,42
Esmeralda,42
Hanna-Elina,42
Inessa,42
Kylli,42
Liidia,42
Luisa,42
Marjo-Leena,42
Melody,42
Minna-Riikka,42
Piia-Maria,42
Rinja,42
Sannakaisa,42
Selene,42
Serafia,42
Soma,42
Sue,42
Tella,42
Tiia-Riikka,42
Ulriika,42
Veena,42
Vida,42
Adeline,41
Anina,41
Arianna,41
Eliza,41
Gita,41
Heili,41
Hymy,41
Kelly,41
Melis,41
Metta,41
Mia-Mari,41
Mili,41
Ninnu,41
Pia-Riitta,41
Priscilla,41
Sanna-Maaria,41
Sanni-Maria,41
Sari-Maarit,41
Sisko-Liisa,41
Solbritt,41
Suna,41
Tarleena,41
Tuula-Anneli,41
Varvara,41
Verona,41
Wilda,41
Viviana,41
Zahraa,41
Adanna,40
Alia,40
Anastasija,40
Annemarie,40
Arita,40
Esme,40
Farhia,40
Hannamaija,40
Hilla-Maria,40
Izabella,40
Jenna-Julia,40
Juudit,40
Nasra,40
Paloma,40
Sadia,40
Taira,40
Taisia,40
Wendy,40
Vilma-Lotta,40
Vivien,40
Yolanda,40
Aire,39
Alexsandra,39
Anastacia,39
Anne-Liisa,39
Eena,39
Eija-Sinikka,39
Elida,39
Erja-Riitta,39
Evin,39
Fardowsa,39
Henna-Leena,39
Hetti,39
Iiri,39
Joy,39
Le,39
Marinka,39
Merina,39
Mira-Maria,39
Noemi,39
Petronella,39
Sagal,39
Sarika,39
Tanita,39
Tiia-Riina,39
Ulla-Brita,39
Ulla-Kaisa,39
Ulla-Leena,39
Viktoriya,39
Vilina,39
Vivianna,39
Yusra,39
Zinaida,39
Aino-Inkeri,38
Amiira,38
Amilia,38
Eja,38
Elinor,38
Emmaliina,38
Erina,38
Francesca,38
Gundel,38
Gunlis,38
Henna-Maija,38
Ingegärd,38
Jessina,38
Kayla,38
Liisu,38
Lilla,38
Lotten,38
Lumikki,38
Magdaleena,38
Malviina,38
Mariette,38
Miia-Marika,38
Minéa,38
Miranna,38
Phuong,38
Priitta,38
Ruby,38
Seena,38
Seita,38
Siham,38
Stefania,38
Theresia,38
Tiina-Marja,38
Tuomi,38
Tuuni,38
Wiivi,38
Violet,38
Vivi-Ann,38
Zeynep,38
Alfhild,37
Annastina,37
Anne-Kaarina,37
Ann-Helen,37
Anni-Emilia,37
Carolin,37
Desirée,37
Eevaleena,37
Ellamari,37
Ellanoora,37
Emma-Kaisa,37
Erja-Leena,37
Hawa,37
Janella,37
Jeni,37
Leena-Kaarina,37
Linea,37
Mare,37
Marja-Elina,37
Merete,37
Mesi,37
Mi,37
Mildred,37
Nasti,37
Rimma,37
Rosalie,37
Saara-Kaisa,37
Satu-Sisko,37
Sirpa-Leena,37
Soilikki,37
Tiia-Tuulia,37
Tintti,37
Tuija-Leena,37
Aline,36
Alisia,36
Anja-Leena,36
Anne-Marjut,36
Anu-Liisa,36
Awa,36
Ayse,36
Brenda,36
Bushra,36
Cathrine,36
Ciia,36
Dorothy,36
Eeva-Kristiina,36
Ella-Maija,36
Elsa-Maria,36
Faisa,36
Farida,36
Gunni,36
Hanna-Marja,36
Hanneli,36
Hibo,36
Hilkka-Maija,36
Iida-Lotta,36
Iryna,36
Jenny-Maria,36
Kitte,36
Meryem,36
Mirja-Riitta,36
Natali,36
Nomi,36
Piret,36
Rana,36
Sana,36
Simona,36
Sini-Tuuli,36
Venna,36
Vesta,36
Viivi-Maria,36
Xenia,36
Anmari,35
Annaliina,35
Anni-Leena,35
Anu-Mari,35
Asmaa,35
Chantal,35
Chloé,35
Dea,35
Ditte,35
Dolly,35
Emma-Leena,35
Enia,35
Faina,35
Hannamaria,35
Heli-Maria,35
Henniina,35
Hiba,35
Iida-Maija,35
Ingvor,35
Irkka,35
Jasna,35
Kea,35
Krista-Maria,35
Leena-Mari,35
Lise-Lott,35
Lydmila,35
Maida,35
Maijaliisa,35
Mariama,35
Marjanne,35
Nasro,35
Neda,35
Ros-Marie,35
Teija-Liisa,35
Aada-Sofia,34
Adéle,34
Alba,34
Andréa,34
Anne-Christine,34
Anu-Leena,34
Arlene,34
Helpi,34
Hetta,34
Iqra,34
Jessiina,34
Kerttuli,34
Leonie,34
Mari-Ann,34
Mari-Leena,34
Marja-Kristiina,34
Milia,34
Pia-Kristiina,34
Reetta-Leena,34
Sanni-Sofia,34
Smilla,34
Sorella,34
Tatjaana,34
Vega,34
Anne-Maaret,33
Bahar,33
Ciara,33
Diane,33
Emelia,33
Evena,33
Gun-May,33
Jaana-Maria,33
Joana,33
Joanne,33
Kirsi-Maaria,33
Leena-Sisko,33
Maissi,33
Marikka,33
Marlen,33
Melia,33
Miija,33
Milja-Maria,33
Nataliya,33
Noelia,33
Oma,33
Reetta-Kaisa,33
Renate,33
Rosi,33
Saara-Sofia,33
Saija-Leena,33
Salka,33
Samsam,33
Sini-Marja,33
Vea,33
Ada-Maria,32
Anab,32
Aniita,32
Ashley,32
Auroora,32
Aylin,32
Berfin,32
Britt-Louise,32
Caterina,32
Celeste,32
Christin,32
Eedith,32
Eevakaisa,32
Eevamaria,32
Eleanora,32
Gladys,32
Habiba,32
Hanna-Riina,32
Iida-Liisa,32
Ioulia,32
Irinja,32
Kiisa,32
Kirta,32
Laura-Maija,32
Leena-Riitta,32
Lejla,32
Lovis,32
Maare,32
Madina,32
Mai-Lis,32
Malika,32
Mandy,32
Marge,32
Marjaterttu,32
Mathilde,32
Meena,32
Nenne,32
Norah,32
Rafaela,32
Ramla,32
Rayan,32
Roosa-Mari,32
Saba,32
Seija-Leena,32
Seija-Sisko,32
Sibel,32
Sini-Maarit,32
Siro,32
Sissel,32
Thyra,32
Tiiamari,32
Tuuve,32
Ubah,32
Ülle,32
Zoja,32
Adella,31
Agata,31
Aija-Leena,31
Aletta,31
Céline,31
Desiree,31
Eetla,31
Eeva-Sisko,31
Emi,31
Eva-Marie,31
Fatema,31
Florence,31
Hannaliisa,31
Iida-Mari,31
June,31
Kalla,31
Karelia,31
Katie,31
Kiia-Maria,31
Kirsi-Leena,31
Ksenija,31
Lilianna,31
Lilija,31
Lizette,31
Marlena,31
Minh,31
Muna,31
Naimi,31
Nasrin,31
Natalija,31
Natja,31
Nikki,31
Onna,31
Rayaan,31
Saara-Liisa,31
Sannamaija,31
Sanna-Marja,31
Sanna-Riitta,31
Suvi-Maarit,31
Talvi,31
Tiina-Leena,31
Ullamari,31
Varma,31
Yuliya,31
Ainomaria,30
Alevtina,30
Anne-Charlotte,30
Anne-Marika,30
Eevamaija,30
Eeva-Riikka,30
Eija-Inkeri,30
Eva-Maija,30
Eyvor,30
Faadumo,30
Iida-Emilia,30
Katy,30
Kerttu-Liisa,30
Linda-Marie,30
Mari-Susanna,30
Marja-Lea,30
Meerit,30
Meliina,30
Minnaliisa,30
Najmo,30
Noora-Emilia,30
Riitta-Marja,30
Roosa-Maaria,30
Serina,30
Sickan,30
Suvianna,30
Telle,30
Vivika,30
Yan,30
Anna-Julia,29
Anna-Pauliina,29
Bertha,29
Daalia,29
Darina,29
Dilan,29
Eeva-Lotta,29
Eili,29
Emma-Liisa,29
Eva-Kaarina,29
Fatou,29
Greeta,29
Hanne-Maarit,29
Henna-Maaria,29
Henna-Riitta,29
Idil,29
Idun,29
Jael,29
Jeena,29
Jemiina,29
Jenni-Johanna,29
Jonna-Riikka,29
Joyce,29
Juanita,29
Julietta,29
Julina,29
Kathleen,29
Kathy,29
Lorena,29
Maija-Kaarina,29
Maija-Sisko,29
Maija-Stiina,29
Majken,29
Malgorzata,29
Maren,29
Marjoriitta,29
Matilde,29
Mette-Maria,29
Minta,29
Molla,29
Nan,29
Nur,29
Riitta-Maria,29
Scarlett,29
Suad,29
Tuikku,29
Tuuli-Maaria,29
Tuyet,29
Ulla-Britta,29
Ulla-Liisa,29
Zelda,29
Alisha,28
Ania,28
Anne-Maritta,28
Brigitte,28
Chelsea,28
Elice,28
Elza,28
Emmi-Kaisa,28
Eva-Lena,28
Faduma,28
Fartun,28
Gunbritt,28
Gunveig,28
Hanna-Sofia,28
Hannemari,28
Henna-Riina,28
Inca,28
Ingemo,28
Janna-Mari,28
Kaiho,28
Kaja,28
Katja-Leena,28
Katya,28
Kia-Maria,28
Leanna,28
Lida,28
Lin,28
Majlen,28
Maria-Helena,28
Marja-Anneli,28
Marjo-Kaisa,28
Markit,28
Marsa,28
Neera,28
Nguyen,28
Nila,28
Nyyti,28
Piita,28
Priska,28
Reetta-Maria,28
Ripsa,28
Rode,28
Sabrin,28
Sannaleena,28
Serafima,28
Seynab,28
Soini,28
Suvi-Tuulikki,28
Tiinamari,28
Tilla,28
Tilta,28
Titi,28
Tuulianna,28
Ulla-Maarit,28
Valerie,28
Aiju,27
Aino-Emilia,27
Aino-Marja,27
Anne-Leena,27
Annimaria,27
Anu-Kaisa,27
Armiida,27
Aula,27
Catalina,27
Cira,27
Edona,27
Eiri,27
Helén,27
Heli-Marja,27
Henna-Liisa,27
Inga-Liisa,27
Inge-Britt,27
Ivy,27
Jenna-Riikka,27
Jertta,27
Krisse,27
Kukka-Maria,27
Maggie,27
Margareeta,27
Merve,27
Meya,27
Miia-Liisa,27
Miia-Riikka,27
Millie,27
Mimma,27
Minne,27
Nawal,27
Neena,27
Nele,27
Nisa,27
Petra-Maria,27
Pippa,27
Päivi-Sisko,27
Päivyt,27
Riia-Maria,27
Rosalinda,27
Ruuth,27
Sallamaria,27
Samiira,27
Sandy,27
Seliina,27
Shirley,27
Sigbritt,27
Sirkkaliisa,27
Sirkka-Maija,27
Tarina,27
Tetti,27
Tiija,27
Tähti,27
Ulla-Kaarina,27
Aino-Mari,26
Alison,26
Alvina,26
Amaal,26
Amani,26
Annemaria,26
Camille,26
Carol,26
Dolores,26
Dunia,26
Ela,26
Ellimaija,26
Elmira,26
Emmie,26
Emmi-Noora,26
Evie,26
Hailey,26
Helmi-Sofia,26
Iana,26
Ilham,26
Iraida,26
Jasmiini,26
Jella,26
Karima,26
Liila,26
Lilya,26
Lisa-Maria,26
Lisa-Marie,26
Lotta-Emilia,26
Lotta-Mari,26
Lynn,26
Mari-Annika,26
Marine,26
Maritsa,26
Mariya,26
Marle,26
Milla-Riina,26
Minna-Kristiina,26
Nimco,26
Peppilotta,26
Pilvi-Sisko,26
Renée,26
Roosamari,26
Saina,26
Sania,26
Sanna-Marika,26
Sasha,26
Shahla,26
Silja-Maria,26
Sini-Pilvi,26
Taru-Tuulia,26
Tatyana,26
Vanilla,26
Vilmiina,26
Zanna,26
Anetta,25
Anne-Helena,25
Anne-Maaria,25
Anni-Lotta,25
Anuliina,25
Britt-Inger,25
Carolyn,25
Delia,25
Derya,25
Desiré,25
Elisaveta,25
Ellamaria,25
Elliina,25
Elli-Mari,25
Emilla,25
Emmelie,25
Enni-Maria,25
Eveline,25
Gabrielle,25
Giulia,25
Hannariikka,25
Helky,25
Henna-Maarit,25
Hennamari,25
Iidamaria,25
Ira-Maria,25
Jiina,25
Kimberly,25
Linh,25
Madelen,25
Malou,25
Maria-Sofia,25
Marjanna,25
Meritta,25
Mia-Marika,25
Minnie,25
Munira,25
Nea-Sofia,25
Nura,25
Ofelia,25
Pia-Leena,25
Priita,25
Raija-Riitta,25
Raissa,25
Reina,25
Riikka-Maija,25
Rosa-Marie,25
Saara-Leena,25
Satu-Johanna,25
Seila,25
Senia,25
Shamso,25
Sihaam,25
Sima,25
Sini-Vuokko,25
Sirppa,25
Sofiia,25
Suvi-Elina,25
Suzana,25
Sävy,25
Tuija-Riitta,25
Ull-Britt,25
Venla-Maria,25
Vivica,25
Ada-Emilia,24
Adaliina,24
Adea,24
Aija-Liisa,24
Aino-Leena,24
Ancela,24
Anh,24
Anissa,24
Anu-Maija,24
Ayda,24
Bich,24
Dahlia,24
Dilara,24
Edita,24
Eeva-Helena,24
Ellinora,24
Else-May,24
Emeliina,24
Ene,24
Farhiyo,24
Gun-Viol,24
Hanna-Kaarina,24
Heli-Maarit,24
Hoang,24
Holly,24
Ida-Mari,24
Ilhan,24
Iuliia,24
Jaanika,24
Janice,24
Jelina,24
Junia,24
Justina,24
Kaisaleena,24
Kamila,24
Kara,24
Kristen,24
Leena-Marjatta,24
Lilja-Maria,24
Marena,24
Margetta,24
Mayvor,24
Melike,24
Milla-Emilia,24
Mimoza,24
Minna-Marika,24
Mirela,24
Muska,24
Nasteho,24
Olesya,24
Pi,24
Pihla-Maria,24
Salla-Maija,24
Samia,24
Sannamaria,24
Sari-Susanna,24
Satu-Susanna,24
Signhild,24
Siv-Britt,24
Tari,24
Teiju,24
Titta-Maria,24
Trine,24
Tupu,24
Tuttu,24
Uliana,24
Yara,24
Agnesa,23
Ainokaisa,23
Alana,23
Aleksia,23
Alona,23
Amra,23
Annariitta,23
Annel,23
Anni-Helena,23
Anniliina,23
Ariela,23
Danica,23
Darling,23
Debora,23
Donia,23
Dorita,23
Elda,23
Eliise,23
Elli-Sofia,23
Emma-Liina,23
Gun-Marie,23
Gunvi,23
Hanaan,23
Helianna,23
Helny,23
Ing-Britt,23
Isadora,23
Jenifer,23
Jennimari,23
Juno,23
Kirsi-Marjut,23
Laura-Emilia,23
Liina-Lotta,23
Liliya,23
Lissu,23
Lotta-Liisa,23
Lumikukka,23
Maileena,23
Mairi,23
Mairit,23
Majbritt,23
Mariaana,23
Maria-Riitta,23
Mari-Elina,23
Mari-Kaisa,23
Mariko,23
Marja-Maija,23
Maxine,23
Mercedes,23
Miina-Maria,23
Milou,23
Nahid,23
Narges,23
Niina-Mari,23
Nina-Mari,23
Ninette,23
Odelia,23
Odette,23
Perla,23
Pia-Sofia,23
Päivi-Maria,23
Rahmo,23
Rosanne,23
Sanniina,23
Sindi,23
Sini-Sofia,23
Sirpa-Riitta,23
Svitlana,23
Thilde,23
Tyyra,23
Vasilisa,23
Viima,23
Vilhelmina,23
Villa,23
Violeta,23
Virginia,23
Zamzam,23
Ajla,22
Alica,22
Anett,22
Angelique,22
Anna-Elisa,22
Annasofia,22
Ann-May,22
Camila,22
Chris,22
Delila,22
Els-Maj,22
Emmi-Julia,22
Henriina,22
Hilja-Maria,22
Hilla-Maaria,22
Idamaria,22
Iija,22
Iivi,22
Ikran,22
India,22
Indira,22
Iro,22
Jeanne,22
Jenni-Kaisa,22
Jerika,22
Kaneli,22
Kastanja,22
Kati-Johanna,22
Katja-Mari,22
Keira,22
Kirsi-Maija,22
Kristi,22
Leenamaija,22
Liisamaija,22
Lis-Britt,22
Liz,22
Lotta-Sofia,22
Madicken,22
Maija-Helena,22
Maija-Reetta,22
Maira,22
Malle,22
Mari-Helena,22
Mariita,22
Marinella,22
Marjam,22
Melita,22
Mertta,22
Minette,22
Minna-Marja,22
Mireille,22
Mirigli,22
Naana,22
Nataliia,22
Natascha,22
Néa,22
Nour,22
Novalie,22
Parisa,22
Pipa,22
Rabia,22
Reet,22
Reetta-Maija,22
Renee,22
Riina-Maija,22
Riittaliisa,22
Rosamaria,22
Rosemarie,22
Saili,22
Sarai,22
Sasa,22
Saynab,22
Shani,22
Silke,22
Sirena,22
Sumeya,22
Suvi-Anna,22
Taiju,22
Tasnim,22
Torborg,22
Tuulevi,22
Warda,22
Yael,22
Aasa,21
Alex,21
Alviina,21
Amna,21
Anastasiia,21
Anja-Kaarina,21
Annabelle,21
Anna-Kristina,21
Anna-Lea,21
Anna-Leea,21
Anna-Tuulia,21
Anzhelika,21
Aria,21
Arlinda,21
Arta,21
Audrey,21
Beatriz,21
Beerit,21
Berith,21
Bibi,21
Cynthia,21
Deniz,21
Dinah,21
Donya,21
Dunja,21
Eerica,21
Effi,21
Egzona,21
Eila-Maija,21
Elke,21
Emilja,21
Emmaleena,21
Evia,21
Ha,21
Hatice,21
Heli-Maija,21
Hillervo,21
Hoda,21
Ida-Maija,21
Iinu,21
Ikram,21
Inga-Maria,21
Inge-May,21
Inka-Riina,21
Isella,21
Jemilia,21
Jessie,21
Katalin,21
Lee,21
Lidija,21
Lis-Marie,21
Lolita,21
Madeline,21
Mai-Britt,21
Maiju-Leena,21
Maj-Brit,21
Miia-Maarit,21
Minnamaria,21
Nafisa,21
Naimo,21
Nanja,21
Nathalia,21
Nelli-Maria,21
Nida,21
Olesia,21
Olka,21
Osmi,21
Piia-Pauliina,21
Piia-Riitta,21
Päivi-Helena,21
Quynh,21
Rae,21
Rebeca,21
Roda,21
Rosina,21
Safina,21
Seea,21
Senny,21
Serja,21
Sievä,21
Siiri-Maria,21
Silje,21
Susana,21
Taisa,21
Tanja-Maria,21
Therése,21
Tiara,21
Tiinu,21
Tiltu,21
Triinu,21
Tuana,21
Uljana,21
Uni,21
Utu,21
Varpu-Leena,21
Viktoriia,21
Virpi-Liisa,21
Wivi,21
Viviann,21
Agnetha,20
Aleksina,20
Alfa,20
Amaya,20
Amran,20
Anastasiya,20
Anna-Katarina,20
Anna-Kreetta,20
Anna-Marie,20
Ann-Cathrine,20
Anne-Elina,20
Ann-Maria,20
Annmarie,20
Aviva,20
Bao,20
Binta,20
Cesilia,20
Damla,20
Eedi,20
Eeva-Kaija,20
Eija-Maija,20
Elen,20
Elsbeth,20
Eugenia,20
Eunice,20
Faiza,20
Fatmire,20
Gresa,20
Hajar,20
Heather,20
Ida-Kaisa,20
Ila,20
Iona,20
Irmelin,20
Isa-Maria,20
Isela,20
Jaana-Maarit,20
Jamilla,20
Joline,20
Kadri,20
Kaisa-Marja,20
Katja-Maarit,20
Kendra,20
Laura-Elina,20
Lorin,20
Lumi-Kukka,20
Maaren,20
Madison,20
Malina,20
Mariikka,20
Mari-Liisa,20
Marléne,20
May-Len,20
Meini,20
Michele,20
Miitu,20
Mirabella,20
Moira,20
Muniira,20
Nani,20
Nata,20
Neta,20
Nhu,20
Nikolina,20
Paula-Maria,20
Rebekah,20
Riina-Kaisa,20
Rosalina,20
Sakina,20
Sansa,20
Saranda,20
Sari-Anneli,20
Satu-Päivikki,20
Silve,20
Suvi-Sisko,20
Tetta,20
Teuta,20
Tiia-Liisa,20
Toivi,20
Veera-Kaisa,20
Vicky,20
Viktorija,20
Vivianne,20
Yu,20
Zandra,20
Aamina,19
Aile,19
Ainikki,19
Alda,19
Angel,19
Anna-Brita,19
Anna-Erika,19
Anna-Kajsa,19
Anna-Liina,19
Ann-Catrine,19
Arja-Maija,19
Asia,19
Aslög,19
Aure,19
Birgitte,19
Blerta,19
Briita,19
Brita-Liisa,19
Britt-Maj,19
Caitlin,19
Dorothea,19
Edina,19
Ella-Maaria,19
Ellida,19
Ellimari,19
Elmiira,19
Ema,19
Emelina,19
Evgenija,19
Faith,19
Fatime,19
Gaia,19
Giselle,19
Gullan,19
Gullvi,19
Hanna-Katri,19
Hanna-Marika,19
Hazel,19
Heidi-Mari,19
Iidaliina,19
Iina-Sofia,19
Izabelle,19
Jaana-Liisa,19
Jaana-Maija,19
Jamie,19
Janelle,19
Janiika,19
Janissa,19
Janna-Maria,19
Jenni-Sofia,19
Jevgenia,19
Kesia,19
Kiki,19
Kirsimaria,19
Laura-Liisa,19
Léa,19
Leenu,19
Liilia,19
Liisa-Lotta,19
Linda-Mari,19
Lucie,19
Lucinda,19
Mahnaz,19
Maijaleena,19
Malaika,19
Maleena,19
Mareena,19
Marie-Christine,19
Marjariitta,19
Melika,19
Merituulia,19
Miia-Maaria,19
Miisa-Maria,19
Mona-Maria,19
Natacha,19
Natasa,19
Nea-Noora,19
Olesja,19
Phoebe,19
Pia-Maarit,19
Pia-Pauliina,19
Pia-Susanna,19
Poppy,19
Qamar,19
Riitta-Anneli,19
Ritva-Anneli,19
Roberta,19
Sadaf,19
Salla-Maari,19
Sanaa,19
Sara-Emilia,19
Sari-Helena,19
Sari-Johanna,19
Satu-Maija,19
Sofiina,19
Sonja-Maria,19
Suvituulia,19
Tess,19
Tiina-Riikka,19
Tuila,19
Tuula-Maria,19
Ulla-Kaija,19
Ulla-Kristiina,19
Valo,19
Vilja-Maria,19
Zehra,19
Aino-Ilona,18
Alexandria,18
Amber,18
Aniela,18
Anja-Maija,18
Anna-Bella,18
Annareetta,18
Anneka,18
Anneliina,18
Anne-Marjo,18
Anu-Elina,18
Anuliisa,18
April,18
Arja-Sisko,18
Arma,18
Aysha,18
Beada,18
Carine,18
Cora,18
Darya,18
Dominique,18
Eevamari,18
Eija-Kaarina,18
Eija-Maarit,18
Eline,18
Emma-Riikka,18
Emmi-Riikka,18
Erza,18
Evguenia,18
Hanna-Lotta,18
Hayley,18
Iida-Liina,18
Iina-Emilia,18
Inka-Mari,18
Iréne,18
Israa,18
Ivana,18
Jaana-Kaisa,18
Jenni-Emilia,18
Jerina,18
Jinka,18
Jonina,18
Kaisamari,18
Kaisa-Reetta,18
Karmen,18
Kathryn,18
Kati-Maria,18
Laia,18
Leena-Anneli,18
Lena-Maria,18
Liina-Maria,18
Liivia,18
Luiza,18
Mahsa,18
Marttiina,18
Mia-Riitta,18
Millamari,18
Minna-Sisko,18
Mirva-Liisa,18
Natalya,18
Nawaal,18
Neah,18
Neija,18
Nermin,18
Ninetta,18
Noella,18
Nuura,18
Oodi,18
Penelope,18
Piela,18
Piiku,18
Pinja-Maria,18
Päivi-Liisa,18
Randa,18
Ranya,18
Rihanna,18
Riina-Mari,18
Riitta-Mari,18
Ronia,18
Roosa-Emilia,18
Runo,18
Sargit,18
Satu-Päivi,18
Selda,18
Shania,18
Silvi,18
Sofija,18
Sumayo,18
Teija-Leena,18
Teija-Riitta,18
Thilda,18
Tiida,18
Tiina-Sisko,18
Triin,18
Uuna,18
Wilja,18
Vivienne,18
Zaynab,18
Zoya,18
Adèle,17
Albulena,17
Alea,17
Aliyah,17
Amie,17
Anna-Laura,17
Anna-Sisko,17
Anne-Mai,17
Anni-Ilona,17
Ann-Nina,17
Anu-Kristiina,17
Asho,17
Asla,17
Astri,17
Ayesha,17
Blanka,17
Bojan,17
Christiina,17
Deeqa,17
Elham,17
Eloise,17
Elona,17
Elvina,17
Emmalotta,17
Enid,17
Feride,17
Francisca,17
Georgina,17
Havin,17
Heléne,17
Helmi-Lotta,17
Heta-Maria,17
Hope,17
Ida-Liisa,17
Iina-Mari,17
Ilhaan,17
Inès,17
Inga-Lis,17
Inni,17
Jaana-Mari,17
Jean,17
Jenna-Riina,17
Jenni-Julia,17
Jina,17
Jing,17
Judy,17
Juuni,17
Kaisi,17
Karoline,17
Kateriina,17
Katja-Maaria,17
Kerttu-Kaarina,17
Kianna,17
Kirke,17
Krisztina,17
Lea-Liisa,17
Leenakaisa,17
Liina-Maija,17
Lis-Mari,17
Lotta-Maaria,17
Lotta-Maija,17
Lumi-Helmi,17
Lumi-Tuuli,17
Luul,17
Luz,17
Maarja,17
Maikku,17
Manar,17
María,17
Maria-Terttu,17
Mariza,17
Martiina,17
Meri-Helmi,17
Michela,17
Mihaela,17
Miiu,17
Minttu-Mari,17
Mitja,17
Mulki,17
Narin,17
Niina-Riikka,17
Nina-Maarit,17
Parvin,17
Penny,17
Piia-Liisa,17
Piia-Mari,17
Pirjo-Sisko,17
Pirkkoliisa,17
Priya,17
Raquel,17
Reeta-Maria,17
Ronda,17
Rosemary,17
Ros-Maj,17
Roxana,17
Ruu,17
Safiyo,17
Sahro,17
Saija-Maria,17
Salla-Kaisa,17
Satu-Helena,17
Satu-Mari,17
Seera,17
Shabnam,17
Sinaida,17
Sindy,17
Sini-Susanna,17
Sona,17
Taia,17
Tarja-Helena,17
Teri,17
Thao,17
Wai,17
Vanda,17
Wei,17
Wendla,17
Verena,17
Vilna,17
Virpi-Leena,17
Vjollca,17
Zina,17
Zsuzsanna,17
Adelle,16
Agnieszka,16
Aimee,16
Ainoliina,16
Albana,16
Aliya,16
Aminata,16
Anaïs,16
Anesa,16
Anjelika,16
Anju,16
Anni-Maaria,16
Annimaija,16
Anu-Susanna,16
Asli,16
Aster,16
Athena,16
Aziza,16
Beate,16
Birthe,16
Blanca,16
Briitta-Liisa,16
Celinda,16
Chanel,16
Chatarina,16
Coco,16
Dafina,16
Dita,16
Drita,16
Eija-Sisko,16
Elaine,16
Elina-Maria,16
Elliida,16
Eman,16
Emilija,16
Emmilotta,16
Enni-Sofia,16
Eva-Mari,16
Evgeniya,16
Febe,16
Fereshteh,16
Filsan,16
Gilda,16
Grete,16
Gull-Maj,16
Hanna-Helena,16
Hanna-Katariina,16
Hanna-Reeta,16
Heidi-Maarit,16
Hildi,16
Ibtisam,16
Iri,16
Irini,16
Irja-Leena,16
Jaana-Marja,16
Jippu,16
Karolin,16
Katarzyna,16
Kawsar,16
Kay,16
Latifa,16
Laura-Leena,16
Liine,16
Liisa-Mari,16
Lilith,16
Lowa,16
Luana,16
Lumi-Lilja,16
Maija-Riikka,16
Maj-Gun,16
Manal,16
Mari-Ella,16
Marigona,16
Mari-Hannele,16
Marjan,16
Marutzella,16
Mea-Maria,16
Meemi,16
Merette,16
Meriem,16
Minna-Kaarina,16
Mirka-Maria,16
Mirve,16
Myriam,16
Myrna,16
Myrsky,16
Mysi,16
Nabila,16
Nadya,16
Nazanin,16
Negin,16
Nella-Maria,16
Nellinoora,16
Nesrin,16
Noura,16
Olga-Maria,16
Philippa,16
Piatta,16
Pihka,16
Piiu,16
Pirketta,16
Päivi-Leena,16
Reetta-Mari,16
Reija-Liisa,16
Riikkaliisa,16
Riitta-Kaarina,16
Rim,16
Ritvaliisa,16
Roosamaria,16
Roya,16
Sadio,16
Saido,16
Saija-Liisa,16
Salla-Maaret,16
Salwa,16
Sanela,16
Sanni-Kaisa,16
Sannu,16
Satu-Liisa,16
Sena,16
Sikke,16
Sinimarja,16
Sirkku-Leena,16
Solina,16
Syeda,16
Taini,16
Terhi-Tuulia,16
Thua,16
Tiina-Maarit,16
Tilly,16
Tracy,16
Tuuliina,16
Tytti-Maria,16
Ulla-Helena,16
Urda,16
Varpu-Liisa,16
Venera,16
Yamina,16
Yen,16
Zenita,16
Aala,15
Aalia,15
Adile,15
Afnaan,15
Ahlam,15
Aleksa,15
Alicja,15
Amela,15
Amino,15
Ancelika,15
Anja-Maria,15
Anna-Eveliina,15
Annamaaria,15
Anne-Kristina,15
Anne-Sisko,15
Anni-Riikka,15
Ardita,15
Avin,15
Blerina,15
Boel,15
Caisa,15
Caro,15
Chia,15
Cristel,15
Dorthy,15
Edel,15
Ejvor,15
Ellariina,15
Elsa-Maija,15
Elvia,15
Emiilia,15
Emmi-Leena,15
Enny,15
Era,15
Evella,15
Farhio,15
Gemma,15
Githa,15
Hamda,15
Henna-Reetta,15
Hennariina,15
Hilda-Maria,15
Hildegard,15
Hippu,15
Huong,15
Isabela,15
Ismahan,15
Jenna-Juulia,15
Jenni-Leena,15
Jilla,15
Joella,15
Juuli-Anna,15
Kaarna,15
Kadi,15
Karine,15
Karo,15
Katja-Marika,15
Kerli,15
Laura-Sofia,15
Leticia,15
Liisa-Marja,15
Linda-Lotta,15
Lotta-Kaisa,15
Lumianna,15
Lumi-Maria,15
Marget,15
Maria-Elena,15
Mari-Anneli,15
Marilyn,15
Marisanna,15
Marja-Tuulikki,15
Marjorie,15
Masoumeh,15
Meliha,15
Meriam,15
Merja-Hannele,15
Merva,15
Mia-Maarit,15
Miita,15
Milvi,15
Mirja-Maija,15
Mirna,15
Miski,15
Monique,15
Muru,15
Nadeschda,15
Nea-Emilia,15
Neila,15
Nicoletta,15
Olessia,15
Oliwia,15
Onneli,15
Pian,15
Pille,15
Princess,15
Rahel,15
Riim,15
Riitta-Helena,15
Rona,15
Ruweyda,15
Saara-Lotta,15
Saara-Mari,15
Salla-Sofia,15
Saranna,15
Sari-Leena,15
Sari-Maria,15
Satu-Kaarina,15
Satu-Lotta,15
Silvana,15
Solange,15
Solin,15
Suzanna,15
Svanhild,15
Taika-Tuuli,15
Taila,15
Taria,15
Teela,15
Tessi,15
Tetyana,15
Tiina-Tuulia,15
Tuuva,15
Tähkä,15
Ulla-Pia,15
Vanni,15
Villiina,15
Ying,15
Zarah,15
Zohra,15
Adelie,14
Aija-Riitta,14
Alexina,14
Alwa,14
Amalie,14
Amel,14
Anahita,14
Annalotta,14
Anna-Pia,14
Anne-Kaisa,14
Annevi,14
Anny,14
Anzelika,14
Armida,14
Asiya,14
Asra,14
Athina,14
Augusta,14
Berivan,14
Betti,14
Cheryl,14
Danja,14
Deeqo,14
Dilek,14
Dunya,14
Eeva-Reetta,14
Eha,14
Eleanoora,14
Ella-Roosa,14
Ellimaria,14
Embla,14
Emely,14
Emma-Julia,14
Emma-Reetta,14
Enniina,14
Esti,14
Etna,14
Eva-Marja,14
Evgeniia,14
Farhiya,14
Fariba,14
Franziska,14
Fredrica,14
Hanna-Karoliina,14
Hanna-Lea,14
Hanna-Sisko,14
Hanne-Leena,14
Heli-Riitta,14
Heliä,14
Hila,14
Hind,14
Hinda,14
Ida-Marie,14
Iida-Kaisa,14
Iina-Maija,14
Ija,14
Ikraam,14
Iliana,14
Inara,14
Ing-Mari,14
Inka-Liisa,14
Inke,14
Irma-Leena,14
Janitta,14
Jarita,14
Jasmiin,14
Jiia,14
Jitta,14
Jonna-Julia,14
Josetta,14
Jutta-Maria,14
Kaisa-Riitta,14
Kateryna,14
Katja-Helena,14
Katja-Liisa,14
Keren,14
Kübra,14
Kyra,14
Laura-Mari,14
Leandra,14
Leena-Liisa,14
Lorna,14
Luciana,14
Ly,14
Ma,14
Mae,14
Maja-Lisa,14
Malvina,14
Marcela,14
Maria-Elina,14
Mari-Annukka,14
Mari-Jaana,14
Marja-Hannele,14
Marja-Lena,14
Marlén,14
Mary-Anne,14
Meg,14
Melodi,14
Miinu,14
Mija,14
Minca,14
Minna-Elina,14
Minna-Marjaana,14
Monia,14
Mya,14
Nadiya,14
Natasia,14
Natta,14
Neea-Maria,14
Nena,14
Nicoline,14
Pia-Johanna,14
Pia-Marja,14
Piija,14
Piipa,14
Pikka,14
Pirpa,14
Raakkel,14
Ragna,14
Reeta-Kaisa,14
Ria-Maria,14
Robyn,14
Roine,14
Romina,14
Rosa-Mari,14
Ruusu-Maria,14
Saaramaria,14
Sabiha,14
Saija-Riikka,14
Salina,14
Salla-Tuulia,14
Sandi,14
Sara-Lotta,14
Saria,14
Satu-Hannele,14
Selia,14
Selin,14
Sevda,14
Sevgi,14
Shahad,14
Sharmin,14
Shqipe,14
Shukrije,14
Sofja,14
Stina-Maria,14
Sunita,14
Sydney,14
Taru-Maija,14
Taru-Tuuli,14
Tea-Maria,14
Tellu,14
Terhi-Marja,14
Tia-Mari,14
Tiia-Maarit,14
Tiia-Mariia,14
Tiinaliisa,14
Tilja,14
Titta-Riina,14
Tone,14
Tordis,14
Towe,14
Ullariikka,14
Ulla-Sisko,14
Valerija,14
Wanja,14
Veera-Sofia,14
Venus,14
Vianna,14
Winnie,14
Wiola,14
Zeineb,14
Zoé,14
Zofia,14
Aada-Emilia,13
Ahlaam,13
Aiko,13
Aime,13
Ainoliisa,13
Aissa,13
Akuliina,13
Alaa,13
Alexis,13
Alix,13
Almira,13
Angeliina,13
Anila,13
Anna-Carin,13
Annalisa,13
Anna-Marika,13
Annami,13
Anne-Marjatta,13
Annikaisa,13
Annilotta,13
Ansku,13
Antigona,13
Antoinette,13
Antonella,13
Anu-Maaria,13
Anzhela,13
Arabella,13
Ariella,13
Auvo,13
Aynur,13
Basma,13
Brigitta,13
Brita-Lisa,13
Carissa,13
Carlotta,13
Catrina,13
Cecilie,13
Charlene,13
Christiana,13
Christiane,13
Dia,13
Diellza,13
Diina,13
Donika,13
Dorotea,13
Eeti,13
Eeva-Inkeri,13
Eija-Maria,13
Elene,13
Elenor,13
Ella-Kaisa,13
Emila,13
Emira,13
Ena,13
Enisa,13
Enne-Liisa,13
Enni-Lotta,13
Essi-Emilia,13
Essi-Lotta,13
Eva-Christina,13
Eva-Riitta,13
Fanni-Sofia,13
Fartuun,13
Fathi,13
Fitore,13
Freia,13
Ganimete,13
Gisella,13
Gull-Britt,13
Gullevi,13
Gulnara,13
Gun-Mari,13
Gunn-Maj,13
Habibo,13
Halina,13
Hanin,13
Hanna-Emilia,13
Hanna-Kaija,13
Hanna-Lena,13
Hanna-Pauliina,13
Hanna-Tuulia,13
Hava,13
Heba,13
Heidi-Maaria,13
Heidi-Marika,13
Hella,13
Heloisa,13
Henna-Sofia,13
Hero,13
Heta-Maija,13
Hui,13
Iina-Lotta,13
Ikhlas,13
Ikraan,13
Ilsa,13
Ilse-Maj,13
Inka-Sofia,13
Irem,13
Jeela,13
Jenna-Sofia,13
Jenni-Elina,13
Jennyfer,13
Jia,13
Joa,13
Johanne,13
Jolanta,13
Jolina,13
Júlia,13
Jun,13
Kaika,13
Kaila,13
Kairi,13
Kaisa-Elina,13
Kaisa-Maaria,13
Kaitlyn,13
Kaltrina,13
Kaste-Helmi,13
Kati-Susanna,13
Katri-Johanna,13
Kenza,13
Kirsi-Marjo,13
Kukkamaaria,13
Lada,13
Laini,13
Lamia,13
Lija,13
Linette,13
Lirije,13
Lo,13
Luljeta,13
Lumnije,13
Maaru,13
Madelein,13
Maie,13
Maina,13
Marella,13
Margareth,13
Marguerite,13
Mariah,13
Marike,13
Mariliina,13
Maris,13
Marisol,13
Marleen,13
Maru,13
Marya,13
Marzia,13
Merilin,13
Merilla,13
Meri-Maaria,13
Mia-Maija,13
Mia-Sofia,13
Michal,13
Mielikki,13
Miilia,13
Milla-Maarit,13
Millamaria,13
Minna-Susanna,13
Mirca,13
Miretta,13
Miya,13
Myra,13
Nargis,13
Neeta,13
Neri,13
Nicolette,13
Oona-Emilia,13
Oona-Sofia,13
Ottiilia,13
Paula-Maija,13
Pirke,13
Pirkko-Riitta,13
Päivi-Elina,13
Rabab,13
Razia,13
Reeta-Mari,13
Renita,13
Riikka-Johanna,13
Riina-Liisa,13
Rima,13
Ronja-Maria,13
Saabiriin,13
Saana-Tuulia,13
Safi,13
Saga-Sofia,13
Salla-Riikka,13
Samar,13
Samra,13
Sanna-Riina,13
Sanna-Sofia,13
Sanna-Tuulia,13
Sanni-Maija,13
Sannimari,13
Sari-Liisa,13
Satu-Elina,13
Satu-Maaret,13
Seda,13
Seri,13
Siena,13
Sig-Britt,13
Silja-Sofia,13
Simin,13
Sinella,13
Sini-Päivikki,13
Skye,13
Sofya,13
Stefani,13
Suvi-Johanna,13
Talia,13
Tanja-Maarit,13
Taru-Maria,13
Teressa,13
Tesla,13
Tiia-Riitta,13
Tiina-Elina,13
Tiinamaija,13
Tilhi,13
Tina-Maria,13
Tira,13
Titta-Mari,13
Tony,13
Trude,13
Tu,13
Tuuli-Mari,13
Ulla-Kristina,13
Vanesa,13
Vera-Maria,13
Weronika,13
Viivi-Lotta,13
Virpa,13
Vita,13
Vlora,13
Yelena,13
Aaliya,12
Aaliyah,12
Afnan,12
Agnia,12
Ai,12
Ainomari,12
Aira-Liisa,12
Aksa,12
Alanna,12
Aljona,12
Allison,12
Anais,12
Anela,12
Anfisa,12
Angeline,12
Anna-Ilona,12
Anna-Maj,12
Anni-Julia,12
Anni-Marja,12
Ann-Sofia,12
Anu-Marja,12
Anu-Pauliina,12
Arielle,12
Arya,12
Asrin,12
Aulona,12
Beryl,12
Besarta,12
Briana,12
Caisha,12
Christelle,12
Clarisse,12
Cleo,12
Damaris,12
Davina,12
Debbie,12
Defne,12
Désirée,12
Dianna,12
Dimitra,12
Dominika,12
Dorota,12
Eeri,12
Eevariitta,12
Eevi-Maria,12
Eina,12
Eleonor,12
Elicia,12
Ella-Riina,12
Elzbieta,12
Emeline,12
Emma-Noora,12
Evamaria,12
Evianna,12
Farzana,12
Fatimah,12
Fay,12
Filiz,12
Fowsia,12
Friia,12
Georgia,12
Glory,12
Grethel,12
Gunn-Lis,12
Hamida,12
Hannariina,12
Hayat,12
Heddy,12
Hedi,12
Hedy,12
Heidi-Marja,12
Heidi-Susanna,12
Heine,12
Heini-Marja,12
Helfrid,12
Heli-Johanna,12
Helina,12
Helma,12
Hilla-Marja,12
Hilpe,12
Hilta,12
Iida-Elina,12
Ikhlaas,12
Illusia,12
Inga-Maarit,12
Janka,12
Jena,12
Jenni-Maija,12
Jenny-Sofia,12
Jerica,12
Johanna-Maria,12
Juana,12
Ka,12
Kaia,12
Kaijaleena,12
Kati-Maarit,12
Katjaana,12
Katrianna,12
Keth,12
Kirsi-Marika,12
Kirsti-Kaarina,12
Kitti,12
Kätlin,12
Lavinia,12
Leanne,12
Leenamari,12
Lei,12
Lilo,12
Linda-Sofia,12
Lora,12
Lottaliina,12
Lotta-Riina,12
Lu,12
Maija-Elina,12
Marcella,12
Maria-Teresa,12
Mariliisa,12
Mari-Sanna,12
Mari-Sisko,12
Marjana,12
Marjo-Riina,12
Marus,12
Maryna,12
Matlena,12
Meela,12
Mélanie,12
Merianna,12
Merja-Helena,12
Merja-Terttu,12
Miana,12
Milona,12
Minetta,12
Miroslava,12
Mollie,12
Najah,12
Nasteeho,12
Nea-Mari,12
Neele,12
Neema,12
Nela,12
Nella-Noora,12
Nella-Sofia,12
Nelmi,12
Nene,12
Niika,12
Niina-Kaisa,12
Nike,12
Noora-Sofia,12
Nuur,12
Outi-Mari,12
Outi-Marja,12
Patrizia,12
Petrina,12
Pia-Marie,12
Piia-Maarit,12
Piia-Riikka,12
Pirjo-Hannele,12
Prisca,12
Päivi-Maarit,12
Rasha,12
Rawan,12
Reem,12
Reena,12
Réka,12
Riham,12
Riinu,12
Rinesa,12
Ritva-Maija,12
Roosa-Maija,12
Rose-Mari,12
Rosie,12
Saara-Elina,12
Sabah,12
Sabriina,12
Salima,12
Salla-Marja,12
Sanna-Pauliina,12
Sanna-Reetta,12
Sanny,12
Sara-Julia,12
Sara-Tuulia,12
Sari-Hannele,12
Sariina,12
Sari-Maija,12
Sarra,12
Shaima,12
Shannon,12
Sidra,12
Silja-Riitta,12
Sini-Meri,12
Sirin,12
Sisko-Helena,12
Sisko-Maria,12
Sivia,12
Suraya,12
Susie,12
Suvi-Kukka,12
Sylvie,12
Taika-Tuulia,12
Teodora,12
Terhi-Liisa,12
Terje,12
Tetiana,12
Theodora,12
Tiia-Leena,12
Tiia-Sofia,12
To,12
Tyti,12
Urve,12
Vadelma,12
Valdine,12
Valeriia,12
Valpu,12
Vanilja,12
Viivia,12
Viviane,12
Vlada,12
Yagmur,12
Yi,12
Yvette,12
Zoey,12
Åse,12
Adelaide,11
Aia,11
Ailin,11
Aino-Riitta,11
Aino-Sisko,11
Aksana,11
Alejandra,11
Alesia,11
Aleyna,11
Aliza,11
Amila,11
Ammi,11
Aninka,11
Annabell,11
Anna-Juulia,11
Annalena,11
Ann-Cathrin,11
Anne-Katariina,11
Anne-Marit,11
Annemo,11
Ann-Gret,11
Ann-Jeanette,11
Annlis,11
Ann-Sophie,11
Annu-Maria,11
Antje,11
Anu-Johanna,11
Anu-Liina,11
Anumari,11
Anuriikka,11
Anzela,11
Arianne,11
Arja-Terttu,11
Asal,11
Asteri,11
Avilla,11
Barbi,11
Beatta,11
Belma,11
Biritta,11
Bonnie,11
Bria,11
Carole,11
Cathy,11
Chanelle,11
Daga,11
Dalila,11
Dara,11
Denisa,11
Didem,11
Dima,11
Diona,11
Dorina,11
Dorthe,11
Ebru,11
Eeva-Sofia,11
Ekaterini,11
Elli-Ilona,11
Ellinore,11
Elpi,11
Elvy,11
Emma-Karoliina,11
Enni-Maija,11
Eppu,11
Erikka,11
Eva-Leena,11
Evangeline,11
Fahmo,11
Fatuma,11
Florentina,11
Giia,11
Giovanna,11
Grazyna,11
Gunne,11
Hafso,11
Hala,11
Hanna-Katriina,11
Hanna-Stiina,11
Heidy,11
Hélène,11
Heta-Liisa,11
Hibaaq,11
Hibaq,11
Hidajete,11
Hillamari,11
Hilla-Mari,11
Ida-Amanda,11
Iina-Kaisa,11
Iita-Maria,11
Ikra,11
Ildikó,11
Ina-Maria,11
Inga-Lisa,11
Inka-Maaria,11
Ioanna,11
Ippa,11
Iria,11
Iza,11
Izabel,11
Jadeliina,11
Jasemin,11
Jasminka,11
Jelizaveta,11
Jennamiia,11
Jenni-Liisa,11
Jenni-Maaria,11
Jerita,11
Joela,11
Josefia,11
Josie,11
Julita,11
Kaija-Helena,11
Kaija-Maija,11
Kaire,11
Kaisamaria,11
Kaisa-Reeta,11
Kaisla-Maria,11
Kariina,11
Kassandra,11
Katarine,11
Katharine,11
Khadijah,11
Khadijo,11
Khadro,11
Kimete,11
Kinga,11
Kirsi-Liisa,11
Krenare,11
Kristy,11
Lan,11
Lavin,11
Leili,11
Lembi,11
Lii,11
Liliane,11
Liliia,11
Lilyan,11
Liona,11
Lippe,11
Lis,11
Lise-Maj,11
Lita,11
Loreta,11
Lotta-Liina,11
Lumo,11
Ma.,11
Maiju-Liina,11
Maisu,11
Maliina,11
Mallu,11
Margitha,11
Marie-Helene,11
Marileena,11
Marja-Sinikka,11
Meeli,11
Meral,11
Meria,11
Merihelmi,11
Meri-Kukka,11
Miia-Leena,11
Milja-Maaria,11
Milla-Riikka,11
Milva,11
Minna-Johanna,11
Minnaleena,11
Minnamaija,11
Mio,11
Miri,11
Mirja-Kaarina,11
Moona-Maria,11
Mumtaz,11
Nadra,11
Nala,11
Neili,11
Nerea,11
Nerissa,11
Neva,11
Nina-Johanna,11
Nina-Marie,11
Nora-Maria,11
Orla,11
Orvo,11
Outi-Katariina,11
Outi-Maaria,11
Pami,11
Paula-Riitta,11
Pelagia,11
Pia-Christina,11
Pike,11
Piretta,11
Pirkka,11
Pirve,11
Prisilla,11
Pyry,11
Päivi-Riitta,11
Rahima,11
Reija-Leena,11
Riija,11
Riikka-Maaria,11
Riikka-Susanna,11
Rita-Maria,11
Ritu,11
Rosabella,11
Rosa-Liina,11
Rosa-Linda,11
Rose-May,11
Roxanne,11
Runa-Lisa,11
Saija-Riitta,11
Samina,11
Sanaz,11
Sane,11
Sari-Sisko,11
Satu-Kristiina,11
Satu-Marika,11
Satu-Marjaana,11
Sea,11
Seinab,11
Selinda,11
Senni-Sofia,11
Seyedeh,11
Shahnaz,11
Shan,11
Shanti,11
Shari,11
Shima,11
Shpresa,11
Sievi,11
Sini-Johanna,11
Sini-Marika,11
Sisi,11
Snöfrid,11
Sofiel,11
Sofiya,11
Soheila,11
Sol,11
Su,11
Sulevi,11
Sultan,11
Suvi-Pauliina,11
Suvi-Pilvi,11
Tahiti,11
Tarja-Anneli,11
Tarja-Sisko,11
Tereza,11
Terri,11
Thora,11
Tiia-Maaria,11
Tiia-Marika,11
Timea,11
Timna,11
Toni,11
Tonya,11
Torhild,11
Tran,11
Trina,11
Tuija-Maija,11
Tuula-Marjatta,11
Tuuli-Anna,11
Ulpukka,11
Wafa,11
Vaili,11
Valbona,11
Valbone,11
Viive,11
Vineta,11
Viri,11
Yasmiin,11
Zena,11
Zita,11
Aalo,10
Adelin,10
Aferdita,10
Aila-Maija,10
Aileen,10
Ailiina,10
Aino-Helena,10
Aino-Maaria,10
Ala,10
Aliise,10
Alja,10
Almina,10
Amadea,10
Amara,10
Amilda,10
Andreea,10
Anilla,10
Anna-Inkeri,10
Anna-Kreeta,10
Anna-Mia,10
Anna-Miia,10
Anna-Roosa,10
Ann-Caroline,10
Anne-Birgitta,10
Annely,10
Annileena,10
Anni-Liisa,10
Anni-Riina,10
Anni-Riitta,10
Anni-Roosa,10
Ann-Katrine,10
Ann-Maarit,10
Anvi,10
Arja-Helena,10
Arwa,10
Ave,10
Avelia,10
Avella,10
Bahja,10
Bambi,10
Baran,10
Bayan,10
Benin,10
Besa,10
Bia,10
Bigga,10
Bleona,10
Candice,10
Caren,10
Cathrin,10
Catja,10
Cécile,10
Chantelle,10
Colette,10
Cristine,10
Dahabo,10
Danika,10
Danuta,10
Desire,10
Dua,10
Eeli,10
Eeni,10
Eija-Marja,10
Eila-Sisko,10
Eileen,10
Elbe,10
Elga,10
Elisia,10
Ella-Emilia,10
Ella-Olivia,10
Ella-Riikka,10
Elli-Lotta,10
Ellis,10
Elnaz,10
Elodie,10
Elsbet,10
Emel,10
Emmakaisa,10
Emma-Roosa,10
Emmi-Liina,10
Erjona,10
Eva-Kristina,10
Evangelia,10
Fanny-Maria,10
Farhana,10
Farideh,10
Finja,10
Fjolla,10
Frances,10
Francine,10
Freyja,10
Gentiana,10
Gerli,10
Giada,10
Gry,10
Gwen,10
Haawo,10
Haidi,10
Haley,10
Hanna-Elisa,10
Hanna-Laura,10
Hanne-Riikka,10
Hanni-Mari,10
Hebe,10
Heidi-Marie,10
Heile,10
Heli-Sisko,10
Hellikki,10
Helmi-Riitta,10
Henrita,10
Hilal,10
Hilkka-Leena,10
Hillamaria,10
Ida-Annika,10
Ida-Elina,10
Ida-Julia,10
Imane,10
Inga-Maj,10
Ivanka,10
Ivanna,10
Iwona,10
Izabela,10
Jaael,10
Jannat,10
Jazmin,10
Jeanna,10
Jenna-Emilia,10
Jette,10
Jin,10
Jolana,10
Jona,10
Jonna-Kaisa,10
Josette,10
Juan,10
Julienna,10
Jutta-Mari,10
Juuli-Maria,10
Kaija-Sisko,10
Kaisu-Liisa,10
Kaitlin,10
Kathrin,10
Kati-Mari,10
Kausar,10
Kaya,10
Kirsi-Hannele,10
Kirsi-Marie,10
Kirsi-Marjaana,10
Kirsti-Maija,10
Kiuru,10
Klea,10
Konstantina,10
Kowsar,10
Kreetta-Liisa,10
Krystyna,10
Lalla,10
Larin,10
Larysa,10
Laure,10
Leana,10
Lemmikki,10
Leonita,10
Leonor,10
Liina-Kaisa,10
Liisamari,10
Liisamaria,10
Liljan,10
Ling,10
Liridona,10
Liya,10
Loretta,10
Lotta-Leena,10
Ludmilla,10
Lul,10
Lyyra,10
Maarita,10
Maika,10
Mandana,10
Manti,10
Mara,10
Maram,10
Margitta,10
Maria-Kristiina,10
Mari-Tuulia,10
Marja-Riikka,10
Marjo-Hannele,10
Marjo-Reetta,10
Marzieh,10
Meera,10
Meli,10
Meriitta,10
Merima,10
Meri-Sisko,10
Meri-Tuulikki,10
Meta,10
Mette-Maarit,10
Mia-Riikka,10
Mii,10
Miimi,10
Miki,10
Mila-Maria,10
Milaya,10
Milja-Emilia,10
Milla-Riitta,10
Milla-Roosa,10
Mine,10
Mireka,10
Mirjaliisa,10
Mirjana,10
Mirke,10
Misella,10
Mona-Liisa,10
Monja,10
Morsal,10
Muntaha,10
Nadira,10
Nanda,10
Neli,10
Nelliina,10
Nenja,10
Neonilla,10
Nessi,10
Nguyet,10
Nigar,10
Niina-Liisa,10
Niina-Maija,10
Nikola,10
Nina-Marika,10
Onja,10
Ophelia,10
Outi-Leena,10
Paige,10
Pella,10
Pertta,10
Pia-Carita,10
Pia-Helena,10
Piia-Johanna,10
Pilvikki,10
Piri,10
Pirje,10
Pirjo-Helena,10
Pirjoriitta,10
Pirkitta,10
Pirkko-Helena,10
Precious,10
Pricella,10
Raija-Sisko,10
Raika,10
Razan,10
Reija-Riitta,10
Reita,10
Rena,10
Rene,10
Riana,10
Riia-Liisa,10
Riikka-Elina,10
Riikka-Sisko,10
Riina-Lotta,10
Rika,10
Rispa,10
Rista,10
Ritja,10
Rosa-Emilia,10
Rosmari,10
Rosmarie,10
Saana-Sofia,10
Sabiriin,10
Sabirin,10
Sadie,10
Saga-Maria,10
Saidi,10
Saila-Maria,10
Sallamaarit,10
Sandra-Sofia,10
Sanna-Kaija,10
Sannaliisa,10
Sanya,10
Sara-Tuuli,10
Sari-Minna,10
Sarla,10
Satu-Leena,10
Sawsan,10
Seija-Sinikka,10
Semra,10
Seni,10
Senita,10
Sennu,10
Serafiia,10
Shakila,10
Shams,10
Sheima,10
Shilan,10
Shira,10
Shiva,10
Shkurte,10
Sinea,10
Sinem,10
Sini-Maaret,10
Sini-Mari,10
Sirius,10
Sirpa-Helena,10
Sisko-Riitta,10
Suha,10
Sumaiya,10
Sumeja,10
Susi,10
Svenja,10
Taija-Leena,10
Taina-Liisa,10
Tarja-Maarit,10
Tarja-Terttu,10
Terhi-Maria,10
Terttu-Maija,10
Tessaliina,10
Thien,10
Tida,10
Tiinakaisa,10
Timja,10
Tosca,10
Tuula-Mari,10
Ulla-Terttu,10
Ulli,10
Umayma,10
Urszula,10
Valentiina,10
Walma,10
Valmu,10
Van,10
Vendi,10
Vesna,10
Viivi-Sofia,10
Xiao,10
Xin,10
Zana,10
Zarina,10
Zlata,10
Zuzanna,10
Özlem,10
