Juhani,280405
Olavi,138826
Antero,138272
Tapani,132807
Johannes,131978
Tapio,106755
Mikael,93305
Kalevi,92537
Petteri,70870
Ilmari,68876
Sakari,61399
Matias,54215
Kristian,49365
Pekka,46685
Kalervo,38019
Matti,37778
Henrik,31382
Oskari,31205
Ensio,29783
Markus,27577
Aleksi,24453
Valtteri,23191
Heikki,22845
Erik,20977
Jaakko,19754
Veikko,19026
Samuli,18248
Eemeli,18180
Antti,17913
Armas,16051
Elias,15027
Samuel,14322
Viljami,13858
Uolevi,13172
Petri,12773
Tuomas,12751
Onni,12666
Erkki,12082
Johan,12055
Lauri,11996
Jalmari,11941
Aleksanteri,11851
Emil,11618
Ilari,11174
Veli,11061
Sebastian,10915
Alexander,10811
Santeri,10532
Kullervo,10229
Einari,10193
Allan,9711
Eino,9701
Oliver,9682
Aulis,9677
Juho,9428
Toivo,9377
Juha,9198
Aukusti,9142
Eemil,9105
Martti,8679
Christian,8283
Artturi,7802
Juhana,7692
Hermanni,7442
Ville,7439
Väinö,7334
Vilhelm,7275
Akseli,7155
Anton,7110
Daniel,7108
Benjamin,7020
Valdemar,6951
Pentti,6836
Mikko,6775
Eero,6748
Elmeri,6708
Eerik,6643
Kalle,6540
Paavo,6387
Otto,6240
Jukka,6098
Henrikki,6035
Kaarlo,5988
Markku,5797
Julius,5772
Joonatan,5704
Aatos,5646
Edvard,5575
Vilho,5425
Iisakki,5372
Kustaa,5191
Seppo,5129
Vihtori,5034
Joonas,5011
Topias,4955
Anders,4885
August,4829
Wilhelm,4816
Rainer,4781
Peter,4774
Aarne,4765
Rafael,4756
Taneli,4726
Kari,4653
Leo,4487
Marko,4421
Verneri,4400
Jussi,4361
Herman,4335
Esko,4322
Timo,4270
Nikolai,4220
Albert,4214
Robert,4206
Hannu,4125
Karl,4083
Yrjö,4004
Gustav,3934
Oskar,3852
Fredrik,3837
Gunnar,3818
Andreas,3812
Rikhard,3774
Iivari,3717
Aarre,3609
Kasperi,3523
Pellervo,3517
Arvo,3494
Aaron,3449
Pauli,3418
Eelis,3414
Michael,3302
Pertti,3278
Viljo,3239
Patrik,3230
Pietari,3154
Olli,3152
Olof,3126
Risto,3125
Ilkka,3082
Niilo,2989
Joakim,2923
Päiviö,2918
Mika,2877
Henri,2850
Esa,2831
Jouko,2829
Vesa,2828
William,2821
Paavali,2804
Ari,2767
Jeremias,2761
Reino,2722
Alvar,2698
Jorma,2693
Gabriel,2691
Aleksander,2681
Anselmi,2625
Untamo,2606
Arvid,2587
Jari,2548
Severi,2548
Arto,2545
Eetu,2524
Göran,2518
Kauko,2500
Alfred,2483
Jan,2455
Joel,2438
Henry,2377
Jouni,2366
Eerikki,2354
Nestori,2337
Janne,2310
Viktor,2310
Urho,2287
Martin,2279
Oiva,2265
Tauno,2211
Veikka,2207
Sulo,2205
Kasper,2201
Kaleva,2168
Raimo,2155
Taisto,2151
Tuomo,2133
Viljam,2126
Lennart,2115
Carl,2108
Eljas,2100
Aaro,2054
Axel,2052
Harri,2051
Alarik,2044
Niklas,2032
Ossian,2014
Richard,1994
Frans,1989
Edvin,1987
Arvi,1967
Arttu,1964
Krister,1905
Evert,1889
Rasmus,1865
Simo,1839
Mauri,1837
Mattias,1831
Eevert,1802
Hannes,1783
Lars,1779
Aapeli,1777
Ahti,1775
Jarmo,1771
Oscar,1771
Einar,1747
Taavetti,1731
Reijo,1705
Petter,1687
Eliel,1668
Waltteri,1653
Christer,1652
Niko,1646
Lasse,1632
Asser,1614
John,1610
Alex,1606
Leonard,1585
Anttoni,1567
Aimo,1533
Gustaf,1528
Osmo,1514
Magnus,1512
Stefan,1488
Paul,1452
Verner,1451
Voitto,1442
Hugo,1441
Aleksis,1439
Mathias,1439
Bernhard,1426
Teemu,1425
Sulevi,1423
Mauno,1422
Joona,1413
Valentin,1407
Leevi,1406
Sami,1406
Keijo,1350
Alpo,1342
Vili,1339
Ukko,1313
Unto,1313
Kimmo,1310
Salomon,1302
Miika,1299
Jani,1297
Eric,1285
Valter,1278
Antton,1273
Håkan,1266
Jesse,1255
Ossi,1249
Aslak,1231
Kai,1225
Mohamed,1212
Pasi,1207
Jarkko,1190
Birger,1188
Thomas,1186
Waldemar,1184
Jonathan,1172
Kyösti,1166
Jyrki,1163
Väinämö,1162
Åke,1157
Edward,1144
Albin,1141
Nils,1141
Harald,1134
Patrick,1125
Anssi,1122
Veijo,1111
Eeli,1101
Teuvo,1098
Vilhelmi,1090
Veeti,1081
Ingmar,1072
Ali,1069
Hans,1063
Harry,1045
Tero,1045
Juuso,1034
Adolf,1026
Aapo,1003
Alvari,1002
Aatu,994
Rudolf,972
Elis,970
Ismo,967
Emanuel,954
Atte,952
Uljas,951
Asko,948
Marcus,942
Aarno,930
Christoffer,928
Otso,928
Arthur,925
Sven,914
Kenneth,904
Jonatan,901
Kaarle,901
Iisak,885
Jooseppi,882
Heimo,881
Georg,880
David,877
Miikka,874
Hjalmar,871
Roger,870
Tobias,867
Kristoffer,865
Pyry,848
Rauno,848
Jere,843
Kasimir,842
Viking,837
Eevertti,831
Ahmed,825
Ilpo,822
Toni,813
Tarmo,806
Ragnar,804
Topi,801
Lassi,800
Aki,797
Helmer,794
Joni,787
Kaj,787
Sisu,786
Jesper,779
Nikolas,776
James,773
Yrjänä,764
Felix,752
Aarni,745
Holger,743
Valfrid,740
Leander,739
Miikkael,739
Jalo,737
Luukas,734
Asseri,732
Sakarias,731
Jasper,730
Helge,721
Osvald,721
Bertel,717
Leif,716
Torsten,712
Cristian,711
Sauli,710
Arne,708
Max,691
Samu,688
Antonio,684
Antinpoika,683
Simeon,683
Victor,681
Miro,680
Christopher,675
Konstantin,674
Tommi,672
Benjam,667
Wiljami,656
Anselm,655
Teodor,655
Mats,654
Riku,650
Tomas,647
Aku,646
Roope,645
Ferdinand,642
Isak,639
Olav,638
Adam,636
Walter,634
Taavi,626
Per,624
Börje,618
André,617
Mauritz,617
Veli-Matti,615
Nuutti,614
Miikael,613
Kim,610
Konsta,605
Jarno,601
Arimo,599
Tuukka,598
Erland,597
Lucas,597
Iiro,596
Alfons,595
Immanuel,595
Valtter,595
Ylermi,595
Ole,594
Tomi,591
Ivar,583
Artur,582
Jonas,582
Klaus,582
Benjami,577
Evald,562
Perttu,557
Matinpoika,554
Noel,553
Otava,549
Teppo,547
Juhanpoika,546
Manuel,544
Maximilian,544
Jarl,536
Nicolas,533
Jimi,529
Adrian,528
Jakob,524
Runar,522
Aatto,520
Anthony,520
Aksel,518
Herbert,516
Bengt,512
Elmer,512
Stig,504
Sylvester,500
Reinhold,492
Tatu,492
Micael,490
Nestor,490
Rolf,490
Eugen,483
Nicholas,481
Kurt,478
Kosti,477
Lenni,477
Esaias,473
Jeremia,473
Ove,473
Saku,471
Sameli,469
Elliot,468
Justus,468
Terho,468
Nooa,467
Mikonpoika,466
Veli-Pekka,465
Elia,463
Uuno,463
Iikka,462
Björn,461
Petrus,458
Aatami,457
Urpo,453
Arnold,452
Bo,452
Simon,452
Salomo,451
Bertil,448
Miko,446
Vincent,446
Ingemar,444
Werner,442
Fabian,440
Dan,438
Lukas,438
Roland,435
Raineri,433
Hassan,431
Marius,430
Valo,426
Aadolf,423
Dimitri,423
Jesperi,422
Heino,420
Luka,414
Sampo,414
Jyri,413
Villiam,412
Ben,410
Casimir,410
Gösta,410
Robin,410
Hilding,409
Mainio,409
Helmeri,406
Ilmo,406
Tom,406
Abdi,405
Torvald,404
Tenho,400
Casper,397
Hemminki,396
Kaspian,396
Timonpoika,396
Hemming,395
Jan-Erik,395
Tuure,395
Elmo,394
Bror,393
Alf,387
Eemi,387
Taito,386
Zacharias,386
Filip,385
Jörgen,383
Auvo,379
Manu,378
Sigurd,375
Jukanpoika,371
Augusti,370
Theodor,365
Joachim,363
Wiljam,360
Ernst,356
Heikinpoika,354
Julian,353
Ludvig,353
Jonne,352
Pekanpoika,352
Usko,350
Yngve,349
Kaapo,348
Jalmar,347
Reima,344
Jarinpoika,342
Aleksei,333
Leon,332
Torbjörn,332
Romeo,330
Abraham,329
Charles,329
Tor,328
Miska,326
Valto,326
Jooa,325
Ruben,324
Touko,324
Bjarne,320
Luca,317
Torolf,317
Altti,316
Nikodemus,315
Santtu,315
Ernesti,311
Rune,309
Paulus,308
Ralf,307
Urmas,304
Ibrahim,303
Bruno,301
Into,300
Jami,299
Sigfrid,299
Valio,296
Nico,295
Joseph,294
Ingvald,293
Maurits,293
Hannunpoika,291
Karinpoika,287
Akusti,286
Philip,283
Aron,282
Vertti,282
Ulf,278
Omar,277
Andrew,276
Ingvar,272
Leopold,272
Boris,271
Abdullahi,266
George,266
Josef,266
Maximus,266
Joosua,262
Aamos,260
Konrad,259
Kusti,259
Teijo,259
Torsti,258
Tommy,257
Kristofer,254
Roni,252
Junior,251
Jussinpoika,251
Niclas,251
Mohammed,250
Jean,247
Adiel,246
Matts,245
Werneri,242
Jacob,241
Tony,241
Andrei,240
Isto,240
Karl-Johan,238
Markunpoika,236
Gerhard,235
Amadeus,233
Karri,233
Mikanpoika,233
Hussein,232
Rami,231
Lari,228
Milo,228
Sigvard,228
Amos,226
Raine,226
Folke,224
Karl-Erik,224
Hemmo,223
Tino,223
Edwin,221
Erno,220
Jannenpoika,220
Elof,219
Eskil,218
Lee,214
Sammeli,214
Arinpoika,213
Alexis,212
Elo,212
Arttur,211
Linus,211
Matteus,211
Jaakoppi,210
Jens,210
Raymond,208
Villehard,208
Raafael,207
Kjell,203
Okko,203
Sixten,203
Uno,201
Fjalar,199
Frank,199
Rurik,198
Tiitus,197
Ernest,196
Feliks,196
Singh,196
Emmanuel,195
Gottfrid,194
Jaakonpoika,193
Iivo,192
Oula,192
Valde,192
Maunu,190
Mico,190
Mohamud,189
Selim,189
Visa,189
Mio,188
Mårten,188
Ola,188
Rickhard,188
Johnny,187
Kauno,185
Rickard,185
Aappo,184
Marco,184
Orvo,184
Roy,184
Noah,183
Petrinpoika,180
Atso,178
Harrinpoika,178
Leonardo,178
Dennis,175
Aaretti,173
Elvis,173
Kaino,172
Tage,172
Juha-Pekka,170
Edgar,169
Aate,167
Pekko,167
Toimi,166
Mahamed,165
Emilio,164
Henning,163
Knut,163
Ollinpoika,162
Peetu,162
René,162
Sten,162
Abdirahman,161
Ilo,160
Mario,160
Panu,160
Sture,160
Markonpoika,159
Rauli,159
Ahmad,158
Antto,158
Ariel,158
Filemon,158
Sampsa,156
Guy,155
Jaakkima,155
Arno,154
Gideon,154
Kevin,154
Erkka,152
Malakias,152
Michel,152
Noa,152
Villenpoika,152
Johann,151
Joose,151
Ronald,151
Svante,151
Aleks,150
Jerry,150
Karl-Gustav,150
Matthias,150
Severin,150
Algot,149
Jasperi,149
Ivan,148
Jon,148
Ilja,147
Osman,147
Levi,146
Liam,146
Louis,146
Matthew,146
Aaprami,145
Aarto,145
Abdulkadir,145
Alan,145
Jiri,145
Joshua,145
Vidar,145
Teo,144
Alberto,143
Alexi,143
Alpertti,142
Sune,142
Yusuf,142
Abel,141
Mark,141
Erkinpoika,139
Jose,139
Patric,139
Dominic,138
Amin,137
Ismail,137
Sanfrid,137
Timoteus,137
Efraim,136
Juha-Matti,136
Hemmi,135
Jori,135
Karim,135
Pontus,135
Saminpoika,135
Vesanpoika,135
Carlos,134
Jousia,133
Kimi,133
Francis,132
Ragnvald,132
Said,132
Hermann,131
Jouninpoika,131
Venni,131
Andre,130
Berndt,130
Fridolf,130
Kennet,130
Lars-Erik,130
Mertsi,130
Olli-Pekka,130
Kent,129
Klas,129
Mohammad,129
Roberto,129
Nicklas,128
Osku,128
Ristonpoika,128
Carl-Johan,127
Soini,127
Engelbert,125
Kaius,125
Waltter,125
Simeoni,124
Sören,124
Vilpas,124
Brynolf,123
Ilkanpoika,123
Emerik,122
Ohto,122
Per-Erik,121
Thor,121
Valentino,121
Laurinpoika,120
Nikanor,120
Sergei,120
Pasinpoika,119
Vilppu,119
Eeronpoika,118
Miguel,118
Myrsky,117
Niila,117
Akilles,116
Alejandro,116
Esanpoika,116
Israel,116
Luis,116
Ture,115
Eenokki,114
Timi,114
Antoni,113
Greger,113
Juhan,113
Jare,112
Jaakob,111
Staffan,110
Alexandre,109
Jimmy,109
Mihail,109
Eppu,108
Jukka-Pekka,108
Ricardo,108
Thorvald,108
Wilhelmi,108
Aleksandr,107
Martinpoika,107
Andres,106
Erling,106
Kuisma,106
Olle,106
Oswald,106
Seponpoika,106
Arsi,105
Isidor,104
Neo,104
Sven-Erik,104
Tuomaanpoika,104
Wille,104
Wäinö,104
Angelo,103
Rikard,103
Tim,103
Aake,102
Minh,102
Ananias,101
Ernfrid,101
Natanael,101
Niki,101
Daavid,100
Abdullah,99
Ian,99
Janinpoika,99
Juhaninpoika,99
Poika,99
Teronpoika,99
Tore,99
Volmar,99
Alvin,98
Hendrik,98
Ludwig,98
Raino,98
Uula,98
Walfrid,98
Veini,98
Eeti,97
Anshelm,96
Ari-Pekka,96
Fernando,96
Robertino,96
Tapionpoika,96
Herkko,94
Jeremy,94
Matteo,94
Artonpoika,93
Erkko,93
Ernesto,93
Jack,93
Jarmonpoika,93
Mikaeli,93
Nikolaus,93
Salama,93
Vladimir,93
Alvi,92
Bernt,92
Damien,92
Elian,92
Hasan,92
Huugo,92
Egil,91
Kumar,91
Lionel,91
Asmo,90
Petja,90
Christofer,89
Edvart,89
Jim,89
Theo,89
Alessandro,88
Eirik,88
Enok,88
Jason,88
Juhonpoika,88
Kimmonpoika,88
Mies,88
Nathaniel,88
Abbas,87
Abram,87
Asarias,87
Finn,87
Jan-Anders,87
Pentinpoika,87
Amir,86
Jama,86
Abiel,85
Feodor,85
Franz,85
Kunto,85
Olov,85
Severus,85
Sigvald,85
Vieno,85
Willem,85
Jan-Olof,84
Joeli,84
Jonny,84
Josua,84
Nicolai,84
Roobert,84
Willehard,84
Mahmoud,83
Raikas,83
Steven,83
Tahvo,83
Aslan,82
Fritiof,82
Pirkka,82
Aden,81
Igor,80
Jarkonpoika,80
Kristo,80
Mooses,80
Sasu,80
Tristan,80
Wolfgang,80
Volmari,80
Volter,80
Andrea,79
Carl-Gustav,79
Caspian,79
Erich,79
Isac,79
Petrik,79
Terno,79
Tuomonpoika,79
Turo,79
Edmund,78
Gilbert,78
Joosef,78
Odin,78
Tomminpoika,78
Eliot,77
Heinrich,77
Ismael,77
Kaspar,77
Reko,77
Saul,77
Simonpoika,77
Aati,76
Albinus,76
Friedrich,76
Kuutti,76
Vilpertti,76
Morris,75
Mustafa,75
Sam,75
Francisco,74
Hiskias,74
Hung,74
Joa,74
Kunnari,74
Marcel,74
Pietu,74
Rene,74
Timothy,74
Crister,73
Mirko,73
Wihtori,73
Farah,72
Frederik,72
Kallenpoika,72
Pertinpoika,72
Reidar,72
Reza,72
Stefanus,72
Valeri,72
Valerian,72
Vilperi,72
Aabraham,71
Anh,71
Eduardo,71
Frederick,71
Maxim,71
Morgan,71
Samir,71
Thanh,71
Tuisku,71
Venneri,71
Östen,71
Atro,70
Harras,70
Isaac,70
Mahamud,70
Manne,70
Auno,69
Jormanpoika,69
Markuksenpoika,69
Pierre,69
Stephen,69
Valpas,69
Abdul,68
Antonius,68
Arhippa,68
Benny,68
Eduard,68
Enrique,68
Jerker,68
Mickael,68
Ville-Veikko,68
Aleksius,67
Anto,67
Brian,67
Eskonpoika,67
José,67
Joukonpoika,67
Petro,67
Raul,67
Ryan,67
Turkka,67
Ulrik,67
Aale,66
Alec,66
Alexsander,66
Carlo,66
Immo,66
Milton,66
Nils-Erik,66
Penjami,66
Ahto,65
Alpi,65
Ano,65
Can,65
Constantin,65
Elijah,65
Hiski,65
Jermu,65
Jonni,65
Bo-Erik,64
Hans-Erik,64
Jyrkinpoika,64
Leonel,64
Ronny,64
Samppa,64
Arijoutsi,63
Carolus,63
Douglas,63
Jetro,63
Olivier,63
Antreas,62
Bastian,62
Carl-Erik,62
Conny,62
Erhard,62
Eugén,62
Haakon,62
Jamiel,62
Moritz,62
Nathan,62
Raphael,62
Roopertti,62
Armando,61
Caj,61
Frej,61
Glenn,61
Gunnari,61
Jamal,61
Long,61
Marc,61
Peder,61
Tuan,61
Tyko,61
Uuras,61
Wilmer,61
Muhammad,60
Ray,60
Rikhart,60
Stephan,60
Teemunpoika,60
Allani,59
Aziz,59
Caius,59
Conrad,59
Elja,59
Iivar,59
Jerome,59
Joacim,59
Kostia,59
Lorenz,59
Luke,59
Toninpoika,59
Angel,58
Donald,58
Francesco,58
Jeremi,58
Kustavi,58
Leino,58
Mateo,58
Miki,58
Tominpoika,58
Javier,57
Lemmy,57
Miihkali,57
Mikail,57
Nur,57
Scott,57
Armo,56
Atle,56
Feeliks,56
Jaska,56
Juan,56
Lawrence,56
Nino,56
Oliwer,56
Philippe,56
Wiktor,56
Alexei,55
Antony,55
Ingolf,55
Juri,55
Mahdi,55
Thure,55
Ale,54
Andréas,54
Denis,54
Eikka,54
Fritjof,54
Giovanni,54
Joe,54
Nyyrikki,54
Rahman,54
Sirius,54
Akinpoika,53
Jaani,53
Nemo,53
Reijonpoika,53
Roman,53
Rufus,53
Sean,53
Sylvesteri,53
Woldemar,53
Ami,52
Bashir,52
Clas,52
Damian,52
Deniz,52
El,52
Nelson,52
Pertteli,52
Ronnie,52
Tor-Erik,52
Vasili,52
Attila,51
Emre,51
Ensiö,51
Felipe,51
Henric,51
Miio,51
Oma,51
Trygve,51
Urban,51
Andrés,50
Askonpoika,50
Dani,50
Dominik,50
Eeliel,50
Elmar,50
Jaako,50
Janiel,50
Kaapriel,50
Kainpoika,50
Khalid,50
Lorentz,50
Maksim,50
Manfred,50
Marie,50
Rinaldo,50
Seth,50
Abdirashid,49
Aukust,49
Gotthard,49
Heimer,49
Jafet,49
Jupiter,49
Kare,49
Kasmir,49
Lennard,49
Odert,49
Paavonpoika,49
Phong,49
Santiago,49
Sipi,49
Wilho,49
Bernard,48
Chris,48
Dean,48
Hoang,48
Hubert,48
Huy,48
Jan-Peter,48
Kerkko,48
Pavel,48
Sheikh,48
Theodore,48
Xavier,48
Abukar,47
Aito,47
Benedict,47
Frithiof,47
Jan-Henrik,47
Marek,47
Per-Olof,47
Pärttyli,47
Samueli,47
Sharif,47
Sven-Olof,47
Totti,47
Abdirizak,46
Asla,46
Carl-Henrik,46
Henrinpoika,46
Jarnonpoika,46
Jyry,46
Lorenzo,46
Maurice,46
Mikke,46
Muisto,46
Nam,46
Pablo,46
Renne,46
Titus,46
Ville-Petteri,46
Voldemar,46
Aadam,45
Albertti,45
Alexanteri,45
Anian,45
Ethan,45
Gordon,45
Hai,45
Henteri,45
Jaan,45
Jan-Mikael,45
Juhanni,45
Lassenpoika,45
Milan,45
Mitja,45
Yasin,45
Antoine,44
Brage,44
Göte,44
Hamid,44
Karl-Henrik,44
Ken,44
Maurinpoika,44
Mortimer,44
Niiles,44
Norman,44
Orion,44
Raoul,44
Sefanias,44
Sihveri,44
Silvo,44
Vesa-Matti,44
Viggo,44
Erasmus,43
Fritz,43
Jahvetti,43
Kari-Pekka,43
Karolus,43
Mauriz,43
Nikolaj,43
Runo,43
Sebastien,43
Abdel,42
Adan,42
Anthon,42
Dahir,42
Dung,42
Faisal,42
Fred,42
Jay,42
Jeremiah,42
Jürgen,42
Lars-Johan,42
Mahad,42
Marlon,42
Miklas,42
Nikita,42
Paolo,42
Rabbe,42
Vaito,42
Vesteri,42
Willy,42
Abdifatah,41
Alexandros,41
Allen,41
Arman,41
Duy,41
Jan-Ole,41
Khaled,41
Misael,41
Mitro,41
Olaf,41
Pedro,41
Poju,41
Rauni,41
Stuart,41
Bao,40
Benedikt,40
Bruce,40
Enrico,40
Florian,40
Giuseppe,40
Jali,40
Jooel,40
Melker,40
Mike,40
Rashid,40
Stig-Erik,40
Styrbjörn,40
Tapaninpoika,40
Teofilus,40
Valtti,40
Colin,39
Engelbrekt,39
Ilias,39
Jacques,39
Jasu,39
Justin,39
Maria,39
Paulinpoika,39
Pete,39
Vinh,39
Apollo,38
Arturo,38
Christoph,38
Curt,38
Dick,38
Georges,38
Helmut,38
Jari-Pekka,38
Jaro,38
Khang,38
Malik,38
Pehr,38
Per-Ole,38
Petterinpoika,38
Päivö,38
Ramon,38
Rikunpoika,38
Saleh,38
Vilhard,38
Alain,37
Anwar,37
Aurelius,37
Bror-Erik,37
Carl-Gustaf,37
Claes,37
Fredric,37
Hieu,37
Jyrinpoika,37
Karo,37
Keith,37
Musa,37
Nathanael,37
Reguel,37
Sulho,37
Ted,37
Ukko-Pekka,37
Valle,37
Velmeri,37
Ville-Valtteri,37
Abdikarim,36
Ante,36
Anteri,36
Augusto,36
Eli,36
Gerald,36
Hampus,36
Harold,36
Hussain,36
Ilmar,36
Miikanpoika,36
Mohamad,36
Timotei,36
Verne,36
Vesa-Pekka,36
Aalto,35
Abd,35
Abdallah,35
Abner,35
An,35
Augustus,35
Claude,35
Dieter,35
Erwin,35
Ewald,35
Gregory,35
Hadi,35
Hanno,35
Isse,35
Karel,35
Kiril,35
Lam,35
Matheo,35
Maximillian,35
Melvin,35
Pepe,35
Raimonpoika,35
Salah,35
Siimon,35
Suleiman,35
Thorolf,35
Vilmeri,35
Winston,35
Adil,34
Andrej,34
Anssinpoika,34
Eemel,34
Ensi,34
Esteban,34
Eugene,34
Gaabriel,34
Georgios,34
Hasse,34
John-Erik,34
Jordan,34
Kaappo,34
Kamal,34
Love,34
M.,34
Muhammed,34
Musse,34
Olavinpoika,34
Orlando,34
Quang,34
Rico,34
Roine,34
Saad,34
Son,34
Thien,34
Tryggve,34
Walther,34
Aapraham,33
Alexandr,33
Alexej,33
Diego,33
Dylan,33
Gunnarsson,33
Karlo,33
Malcolm,33
Marcos,33
Nalle,33
Perttuli,33
Raminpoika,33
Saeed,33
Salvador,33
Stanley,33
Valte,33
Wiking,33
Anatoli,32
Anteronpoika,32
Assar,32
Augustin,32
Cuong,32
Eetvartti,32
Evan,32
Habib,32
Hakon,32
Heinz,32
Hilarius,32
Hilmer,32
Jarko,32
Jaromir,32
Kristjan,32
Moses,32
Napoleon,32
Niku,32
Oras,32
Pessi,32
Ralph,32
Ruuben,32
Salih,32
Salim,32
Steve,32
Taha,32
Veikonpoika,32
Wilbert,32
Zakarias,32
Aabel,31
Abed,31
Anttu,31
Basilius,31
Elijas,31
Emile,31
Frejvid,31
Hjalmari,31
Imanuel,31
Jasse,31
Kivi,31
Kotivalo,31
Laurent,31
Leonid,31
Lewis,31
Manasse,31
Nikolaos,31
Ossinpoika,31
Peik,31
Saska,31
Sayed,31
Solomon,31
Walentin,31
Willhelm,31
Alfonso,30
Cameron,30
Caspar,30
Charlie,30
Dat,30
Duc,30
Egon,30
Elliott,30
Gregorius,30
Hakim,30
Hao,30
Harrison,30
Harto,30
Konstantinos,30
Launo,30
Maxwell,30
Raimond,30
Remu,30
Sepeteus,30
Tan,30
Äänis,30
Ailo,29
Alpiin,29
Arho,29
Brandon,29
Camilo,29
Cristoffer,29
Eddie,29
Eevald,29
Elon,29
Filippus,29
Haidar,29
Ismonpoika,29
Jirka,29
Juho-Pekka,29
Kaapro,29
Kofi,29
Kuura,29
Laurentius,29
Liban,29
Mehdi,29
Mehmet,29
Nikonpoika,29
Prasad,29
Reh,29
Samulinpoika,29
Ulrich,29
Yrjönpoika,29
Aaroni,28
Adnan,28
Aidan,28
Alek,28
Alfredo,28
Anselmo,28
Artemi,28
Asad,28
Aunus,28
Cedric,28
Claudio,28
Claus,28
Cornelius,28
Dag,28
Eenok,28
Hossain,28
Joninpoika,28
Kauri,28
Kristopher,28
Markko,28
Markos,28
Mikkel,28
Ming,28
Muhamed,28
Måns,28
Philipp,28
Pietro,28
Ponteva,28
Reeti,28
Reinhard,28
Ross,28
Salad,28
Salem,28
Setti,28
Syväri,28
Tam,28
Timjami,28
Valerius,28
Wayne,28
Veli-Juhani,28
Vilbert,28
Vili-Valtteri,28
Villehart,28
Aaret,27
Abdinasir,27
Al,27
Antti-Pekka,27
Anttonio,27
Ate,27
Axl,27
Binh,27
Cesar,27
Cornelis,27
Dan-Anders,27
Eiler,27
Eilo,27
Emir,27
Enzo,27
Fredrick,27
Hector,27
Inge,27
Jelmeri,27
Jouka,27
Juha-Petteri,27
Kaan,27
Nana,27
Neil,27
Peetter,27
Prince,27
Rahim,27
Reipas,27
Sakaria,27
Veli-Petteri,27
Viet,27
Wiliam,27
Vu,27
Zakaria,27
Aapram,26
Abdisalam,26
Alexius,26
Atlas,26
Aurelio,26
Björnsson,26
Ewert,26
Heribert,26
Hesekiel,26
Howard,26
Jr,26
Luciano,26
Maksimus,26
Masi,26
Mostafa,26
Paulo,26
Pär,26
Ruudolf,26
Salomoni,26
Sander,26
Sippo,26
Stig-Göran,26
Tarvo,26
Trung,26
Van,26
Vihtor,26
Wilson,26
Wolmar,26
Ahvo,25
Aksu,25
Alari,25
Anterus,25
Atenpoika,25
Ebenhard,25
Eemu,25
Efe,25
Emin,25
Enzio,25
Esa-Pekka,25
Farhan,25
Francois,25
Guido,25
Gunder,25
Hamed,25
Ilppo,25
Jaajo,25
Juhananpoika,25
Kanervo,25
Kenth,25
Khalil,25
Lamin,25
Leonhard,25
Lillebror,25
Nabil,25
Nikodeemus,25
Phuc,25
Raunonpoika,25
Stepan,25
Taher,25
Tri,25
Tung,25
Yassin,25
Aari,24
Abdalla,24
Abdikadir,24
Abdirisak,24
Aleksinpoika,24
Bin,24
Cay,24
Eddine,24
Eliah,24
Elmi,24
Emppu,24
Gerard,24
Graham,24
Hossein,24
Idris,24
Jan-Gustav,24
Jussi-Pekka,24
Juuse,24
Juusonpoika,24
Karl-Oskar,24
Klemetti,24
Koitto,24
Lars-Göran,24
Mikki,24
Nietos,24
Nikke,24
Olai,24
Oleksi,24
Owe,24
Pauno,24
Piotr,24
Ramses,24
Salvatore,24
Seelim,24
Seemi,24
Siegfried,24
Tarek,24
Timitri,24
Toomas,24
Tor-Björn,24
Walid,24
Aare,23
Abdiasis,23
Abdulle,23
Akbar,23
Alvaro,23
Ayman,23
ben,23
Björnson,23
Daniil,23
Dmitri,23
Elton,23
Ervo,23
Hong,23
Jeffrey,23
Jero,23
Julien,23
Julio,23
Kaukonpoika,23
Khan,23
Kosmo,23
Lippo,23
Marlo,23
Mats-Erik,23
Miiko,23
Oleg,23
Ora,23
Paul-Erik,23
Peeter,23
Reetrikki,23
Rudi,23
Sakarinpoika,23
Sinuhe,23
Sipri,23
Thorbjörn,23
Tien,23
Torleif,23
Toussaint,23
Veerti,23
Vilkas,23
Vinski,23
Wolter,23
Zachary,23
Abdulahi,22
Adel,22
Akram,22
Angus,22
Antti-Juhani,22
Aram,22
Armin,22
Artunpoika,22
Awad,22
Bilal,22
Dante,22
Elsayed,22
Florentin,22
Fouad,22
Hatem,22
Havu,22
Htoo,22
Inari,22
Jabbar,22
Jiro,22
Joonia,22
Jorge,22
Kamil,22
Kirill,22
Lenne,22
Leonidas,22
Mariano,22
Mateus,22
Mumin,22
Nhat,22
Nicodemus,22
Nikola,22
Rayan,22
Reittu,22
Roald,22
Salman,22
Sébastien,22
Tarmonpoika,22
Tito,22
Velu,22
Vicente,22
Viktori,22
Viliam,22
Ville-Pekka,22
Vincenzo,22
Voima,22
Aadiel,21
Aapro,21
Amandus,21
Andy,21
Angelos,21
Antte,21
Arviiti,21
Cecil,21
Christophe,21
Cosmo,21
Dominicus,21
Eedvard,21
Eeka,21
Eelovi,21
Elvin,21
Fuad,21
Hamza,21
Hashi,21
Hashim,21
Henrikinpoika,21
Holgersson,21
Hubertus,21
Jake,21
Jamil,21
Junnu,21
Karl-Gunnar,21
Keimo,21
Kenny,21
Kilian,21
Larsson,21
Marcelo,21
Miiro,21
Mikaelsson,21
Morten,21
Nils-Johan,21
Robinson,21
Thang,21
Tomsson,21
Tor-Leif,21
Umberto,21
Valteri,21
Weikko,21
Vikke,21
Youssef,21
Abdulla,20
Abshir,20
Anakin,20
Arif,20
Astor,20
Baran,20
Benhard,20
Cristiano,20
Don,20
Ermo,20
Esajas,20
Evertti,20
Eyolf,20
François,20
Gunvald,20
Haji,20
Hoa,20
Huuko,20
Ilves,20
Ilyas,20
Ismari,20
István,20
Jan-Kristian,20
Jeppe,20
Jevgeni,20
Jonah,20
Kaaleppi,20
Kaj-Erik,20
Kalevinpoika,20
Karl-Gustaf,20
Karl-Mikael,20
Kaukomieli,20
Keijonpoika,20
Kelpo,20
Khanh,20
Khoa,20
Lalli,20
Leif-Erik,20
Milian,20
Nguyen,20
Olli-Petteri,20
Owen,20
Panunpoika,20
Per-Johan,20
Silvio,20
Sverker,20
Varma,20
Villehad,20
Vilmer,20
Wäinämö,20
Väinämöinen,20
Yaw,20
A,19
Abdiaziz,19
Alve,19
Ambrosius,19
Amer,19
Antrei,19
Awil,19
Birgersson,19
Calle,19
Campbell,19
Dario,19
Desmond,19
Dominique,19
Ebbe,19
Ejvind,19
Eren,19
Eskeli,19
Hardy,19
Ignacio,19
Jamie,19
Jan-Ove,19
Jofiel,19
Joonaksenpoika,19
Joska,19
Kanerva,19
Kemal,19
Khadar,19
Kwame,19
Kyle,19
Lahja,19
Leimu,19
Léon,19
Mathew,19
Merlin,19
Mert,19
Miles,19
Milko,19
Nicola,19
Niilas,19
Niilonpoika,19
Olaus,19
Otonpoika,19
Phat,19
Pieti,19
Riko,19
Rio,19
Ron,19
Russell,19
Sakke,19
Stefano,19
Teijonpoika,19
Thai,19
Tuomaksenpoika,19
Valtari,19
Veetu,19
Velimies,19
Yousef,19
Aaronpoika,18
Abdikarin,18
Adi,18
Alessio,18
Alexandru,18
Amar,18
Antamo,18
Aramis,18
Armand,18
Aston,18
Bengtsson,18
Carl-Axel,18
Carl-Mikael,18
Claudius,18
Daniele,18
Darius,18
Derek,18
Eki,18
Erick,18
Feija,18
Franklin,18
Fride,18
Glen,18
Guillermo,18
Göransson,18
Isaiah,18
Jannis,18
Jayden,18
Jedi,18
Jokke,18
Juhamatti,18
Kaleb,18
Kasten,18
Kiet,18
Leonpoika,18
Liinus,18
Mahmood,18
Maxime,18
Michele,18
Mickel,18
Niko-Petteri,18
Nuur,18
Omer,18
Ontrei,18
Patricio,18
Phillip,18
Riku-Petteri,18
Sakunpoika,18
Sang,18
Sivert,18
Stefanos,18
Sverre,18
Taimo,18
Tancred,18
Torstensson,18
Truong,18
Warsame,18
Yasir,18
A.,17
Agathon,17
Ales,17
Alonso,17
Ansio,17
Arda,17
Ari-Matti,17
Arviid,17
Aweis,17
Carl-Magnus,17
Clifford,17
Dan-Erik,17
Danny,17
Edouard,17
Frédéric,17
Grigori,17
Hagi,17
Halti,17
Han,17
Hani,17
Harley,17
Henryk,17
Heppu,17
Idiris,17
Ignatius,17
Isko,17
Jeri,17
Jones,17
Joonathan,17
Josia,17
Juska,17
Jymy,17
Karl-Axel,17
Lars-Olof,17
Leijonamieli,17
Lennon,17
Lenny,17
Leslie,17
Marvin,17
Mauricio,17
Mihael,17
Mohamoud,17
Mortti,17
Muse,17
Noor,17
Onni-Pekka,17
Osma,17
Peikko,17
Per-Håkan,17
Petros,17
Renny,17
Roi,17
Rolle,17
Sakeus,17
Samson,17
Sandor,17
Silas,17
Sinan,17
Tadeusz,17
Tawan,17
Uriel,17
Utria,17
Wali,17
Wei,17
Veijonpoika,17
Venne,17
Wictor,17
Yves,17
Aarnenpoika,16
Abdulqadir,16
Abdulrahman,16
Aleksej,16
Allari,16
Alois,16
Andersson,16
Ansgarius,16
Arian,16
Carl-Oscar,16
Clas-Göran,16
Dai,16
De,16
Dorian,16
Eemili,16
Ejnar,16
Emeka,16
Emiel,16
Gaius,16
Georgi,16
Gudmund,16
Gustavo,16
Horst,16
Joaquim,16
Joutsi,16
Jules,16
Kadir,16
Kamau,16
Kareem,16
Karhu,16
Karl-Anders,16
Kit,16
Knutsson,16
Lambert,16
Lassinpoika,16
László,16
Lucien,16
M,16
Maher,16
Mahmud,16
Massimo,16
Michal,16
Muhumed,16
Nehemia,16
Nuuti,16
Oliveri,16
Oscari,16
Phuong,16
Pyry-Petteri,16
Quan,16
Raj,16
Raphaël,16
Riccardo,16
Ronaldo,16
Rony,16
Sakri,16
Salam,16
Santero,16
Sem,16
Serafim,16
Sherif,16
Sigismund,16
Stanislaw,16
Sten-Erik,16
Tai,16
Teponpoika,16
Touho,16
Uddin,16
Ukri,16
Uwe,16
Vanamo,16
Warren,16
Weeti,16
Venner,16
Wesley,16
Aabram,15
Aage,15
Abdirisaq,15
Adalbert,15
Alpert,15
Alwar,15
Alvian,15
Amine,15
Antti-Jussi,15
Bengt-Erik,15
Bert,15
Bo-Göran,15
Bruuno,15
Bryan,15
Caleb,15
Calvin,15
Carol,15
Chandra,15
Cristopher,15
Dang,15
Davin,15
Didrik,15
Dimitrios,15
Emiliano,15
Ensti,15
Federico,15
Feelix,15
Fingal,15
Frederic,15
Gottfried,15
Hektor,15
Henrynpoika,15
Iisai,15
Ilponpoika,15
Iqbal,15
Islam,15
Ivanov,15
Jan-Christian,15
Janrik,15
Jerenpoika,15
Jesus,15
Juhannes,15
Juho-Matti,15
Juniori,15
Jurkka,15
Kaaprieli,15
Kadhim,15
Kalev,15
Kari-Matti,15
Karl-Göran,15
Karsten,15
Khalif,15
Klemens,15
Krishna,15
Kwabena,15
Le,15
Lloyd,15
Luigi,15
Magnusson,15
Maksimilian,15
Martinus,15
Matti-Juhani,15
Nehemias,15
Osmonpoika,15
Pertunpoika,15
Phu,15
Reddy,15
Rieti,15
Righard,15
River,15
S.,15
Sabri,15
Sammy,15
Seeti,15
Soe,15
Sointu,15
Stig-Johan,15
Stig-Olof,15
Tariq,15
Valmari,15
Veli-Valtteri,15
Vide,15
Wilhard,15
Åkesson,15
Abdirahim,14
Abdiwali,14
Adolfo,14
Ahmet,14
Akira,14
Albanus,14
Alonzo,14
Alrik,14
Anthonio,14
Arn,14
Arseni,14
Artti,14
Augustinus,14
Azad,14
Bahadur,14
Billy,14
Bob,14
Bradley,14
Carlsson,14
Cheng,14
Christiaan,14
Chun,14
Clark,14
Cristofer,14
Danilo,14
Dave,14
Duncan,14
Duong,14
Ekku,14
Eldin,14
Fadel,14
Fatah,14
Fenix,14
Fox,14
Franco,14
Gary,14
Gaston,14
Gert,14
Gottlieb,14
Gregor,14
Gregorio,14
Gunhard,14
Günther,14
Hamilton,14
Herrick,14
Ibn,14
Ihab,14
Ilarinpoika,14
Jakke,14
Jarl-Erik,14
Jasim,14
Jochen,14
Joosia,14
Juho-Petteri,14
Jusa,14
Jussa,14
Jörn,14
Kaaperi,14
Karl-Olof,14
Kian,14
Kyöstinpoika,14
Lion,14
Man,14
Mattia,14
Miklos,14
Mohsen,14
Mustaf,14
Muuse,14
Nisse,14
Norbert,14
Per-Henrik,14
Perttyli,14
Per-Åke,14
Peteri,14
Ram,14
Raza,14
Reinonpoika,14
Risto-Matti,14
Rodolfo,14
Rogert,14
Roopert,14
Sadik,14
Saleban,14
Santino,14
Shire,14
Sidney,14
Simo-Pekka,14
Taru,14
Tiger,14
Tomasz,14
Tu,14
Tuukanpoika,14
Ulfsson,14
Vadim,14
Wai,14
Veli-Mies,14
Vili-Petteri,14
Ville-Matti,14
Vito,14
Vittorio,14
Väinönpoika,14
Yahya,14
Younes,14
Yussuf,14
Abdillahi,13
Abdulgadir,13
Aki-Petteri,13
Alexandro,13
Alexsanteri,13
Amor,13
Anas,13
András,13
Andrè,13
Ara,13
Arjo,13
Artjom,13
Aryan,13
Ashraf,13
Birk,13
Burhan,13
Chinedu,13
Christiansson,13
Cong,13
Daud,13
de,13
Derrick,13
Dietrich,13
Dino,13
Domenico,13
Eberhard,13
Ebrahim,13
Eddy,13
Eelia,13
Einonpoika,13
Elieser,13
Ezekiel,13
Fahad,13
Ferenc,13
Filippo,13
Folkern,13
H.,13
Haider,13
Hartti,13
Henrique,13
Hien,13
Ho,13
Hugh,13
Håkansson,13
Iippo,13
Ilmarinen,13
Jaber,13
Jackson,13
Janos,13
Jari-Matti,13
Jawad,13
Jeriko,13
Jerzy,13
Jie,13
Joar,13
Jockum,13
Kallas,13
Khalaf,13
Kirmo,13
Kosmos,13
Kunnar,13
Kuno,13
Kurt-Erik,13
Kwaku,13
Kwesi,13
Lars-Åke,13
Lorens,13
Lowe,13
Majid,13
Marley,13
Matheus,13
Matsson,13
Mattis,13
Melchior,13
Miku,13
Miroslav,13
Muktar,13
Mursal,13
Muslim,13
Niels,13
Niillas,13
Noël,13
Olofsson,13
Onerva,13
Ortamo,13
Orvar,13
Otieno,13
Pascal,13
Pekka-Juhani,13
Pelle,13
Petersson,13
Petrov,13
Pieter,13
Raikko,13
Rasheed,13
Richardo,13
Richart,13
Saamuel,13
Sabah,13
Saiid,13
Salaad,13
Santos,13
Sasha,13
Sefania,13
Sepastian,13
Silva,13
Taave,13
Tatunpoika,13
Taunonpoika,13
Taylor,13
Terence,13
Timur,13
Toan,13
Torgny,13
Troy,13
Tuovi,13
Ulf-Erik,13
Uoti,13
Velimatti,13
Veli-Tapio,13
Vilpert,13
Vitali,13
Yasser,13
Zachris,13
Örjan,13
Aapi,12
Abdiqani,12
Abdulkarim,12
Agostino,12
Agustin,12
Almer,12
Alwan,12
Aman,12
Amiin,12
Ananda,12
Anseli,12
Aret,12
Atos,12
Auvonpoika,12
Ayoub,12
Bertelsson,12
Carl-Anton,12
Carl-Eric,12
Clarence,12
Clement,12
Connor,12
Craig,12
Donatus,12
Edel,12
Eden,12
Eepi,12
Eleasar,12
Ellert,12
Erpo,12
Ervin,12
Farid,12
Faruk,12
Firas,12
Freddy,12
Fridolin,12
Fuaad,12
Gia,12
Grant,12
Günter,12
Helmuth,12
Hisham,12
Hüseyin,12
Iironpoika,12
Issa,12
Ivo,12
Jacobus,12
Jaime,12
Jakov,12
Jalal,12
Jan-Håkan,12
Jan-Åke,12
Jasin,12
Jauri,12
Jeeli,12
Jone,12
Jonnenpoika,12
Jun,12
Kaaleb,12
Kaijus,12
Kaiku,12
Kamran,12
Karl-Fredrik,12
Karol,12
Kasim,12
Kay,12
Kiminpoika,12
Kingsley,12
Kjell-Erik,12
Kojo,12
Kweku,12
Lars-Anders,12
Lennu,12
Leroy,12
Lev,12
Lin,12
Lothar,12
Luc,12
Lyly,12
Maininki,12
Manunpoika,12
Marino,12
Martimo,12
Migael,12
Miitri,12
Mikaelinpoika,12
Mikhael,12
Misa,12
Mitchell,12
Mubarak,12
Muhiadin,12
Nandor,12
Nataniel,12
Ngoc,12
Nichlas,12
Oke,12
Onnimanni,12
Oulas,12
Phi,12
Phuoc,12
Qasim,12
Quentin,12
Raad,12
Raffaele,12
Rainerinpoika,12
Revontuli,12
Rodrigo,12
Rolfsson,12
Ruslan,12
Sankari,12
Saulinpoika,12
Seet,12
Semmi,12
Sergio,12
Siivertti,12
Talib,12
Teofiilus,12
Teppana,12
Teuvonpoika,12
Theodoros,12
Thinh,12
Timo-Pekka,12
Tyler,12
Wah,12
Valtterinpoika,12
Velinpoika,12
Velipekka,12
Velmu,12
Vesseli,12
Wibe,12
Viki,12
Wili,12
Willhard,12
Vitalis,12
Yaseen,12
Yousif,12
Yuan,12
Öyvind,12
Aadan,11
Aato,11
Abdihakim,11
Abdiweli,11
Ailu,11
Akselinpoika,11
Alaric,11
Albiinus,11
Alef,11
Alistair,11
Almar,11
Alpin,11
Aly,11
Ammar,11
Amon,11
Anatole,11
Ansu,11
Antonino,11
Anttoo,11
Apollon,11
Arash,11
Armani,11
Arni,11
Arpia,11
Arwid,11
Asif,11
Aslakki,11
Aurinko,11
Berk,11
Bore,11
Boy,11
Brendan,11
Byron,11
Carl-Anders,11
Castor,11
Cedrik,11
Dage,11
Dale,11
Din,11
Dinh,11
Diyar,11
Edmond,11
Edoardo,11
Enrik,11
Fadhil,11
Farhad,11
Fionn,11
Geoffrey,11
Germund,11
Giorgio,11
Hafidh,11
Hamad,11
Hamdi,11
Hannu-Pekka,11
Haydar,11
Hayder,11
Heiner,11
Heljo,11
Hendry,11
Henriksson,11
Hermes,11
Herpertti,11
Hilari,11
Hilpas,11
Idor,11
Iivana,11
Ikechukwu,11
Ingmarsson,11
Ioan,11
Ioannis,11
J,11
Jaafar,11
Janek,11
Jan-Ola,11
Jan-Olav,11
János,11
Johanni,11
Jr.,11
Julle,11
Kaarlonpoika,11
Kader,11
Kang,11
Kapriel,11
Karrinpoika,11
Kien,11
Kosma,11
Kostian,11
Kultimo,11
Kuu,11
Kuuno,11
Kössi,11
Laurence,11
Leanteri,11
Lenna,11
Lennox,11
León,11
Lotfi,11
Luan,11
Ludvik,11
Magne,11
Marinus,11
Markkus,11
Martino,11
Masa,11
Matti-Pekka,11
Maunonpoika,11
Mihkel,11
Min,11
Moalim,11
Mukhtar,11
Murat,11
Nahuel,11
Nasir,11
Nghia,11
Nii,11
Nilla,11
Noam,11
Nuri,11
Optatus,11
Otmar,11
Paris,11
Rainier,11
Ramadan,11
Randall,11
Reetu,11
Reini,11
Rex,11
Roderick,11
Roomeo,11
Roopenpoika,11
Ruurikki,11
Sándor,11
Sebastián,11
Shawn,11
Siimoni,11
Sikstus,11
Silver,11
Solmu,11
Spencer,11
Sten-Olof,11
Stewart,11
Suleyman,11
Svantte,11
Tarik,11
Taro,11
Tawfik,11
Teddy,11
Thore,11
Timmy,11
Toivonpoika,11
Totte,11
Travis,11
Tuong,11
Uskali,11
Vaalimo,11
Vasama,11
Vento,11
Viima,11
Wilfred,11
Vladislav,11
Yahye,11
Yang,11
Yu,11
Yunus,11
Zaki,11
Aaku,10
Aaponpoika,10
Aarretti,10
Abdelrahman,10
Abiodun,10
Adekunle,10
Adewale,10
Aimonpoika,10
Aleksanter,10
Alin,10
Amaru,10
Amiel,10
Amjad,10
Andaras,10
Andreevich,10
Anshelmi,10
Antonios,10
Antrea,10
Aran,10
Are,10
Arhi,10
Arie,10
Arild,10
Arun,10
Askal,10
Assari,10
Asterix,10
Auguste,10
Austin,10
Bashiir,10
Basil,10
Benito,10
Benyamin,10
Bernardo,10
Bo-Anders,10
Bo-Johan,10
Bosson,10
Burak,10
Börjesson,10
Caesar,10
Camillo,10
Carl-Fredrik,10
Carl-Wilhelm,10
Carmelo,10
Chi,10
Chukwuemeka,10
Damon,10
Danial,10
Dariush,10
Dawit,10
Deng,10
Edwart,10
Eera,10
Eewert,10
Eilert,10
Emel,10
Enso,10
Erkki-Mikael,10
Eros,10
Etienne,10
Everett,10
Evgeni,10
Evind,10
Eyvind,10
Faysal,10
Feeli,10
Filipe,10
Gérard,10
Gillis,10
Gregori,10
Gunnarson,10
Hakan,10
Halim,10
Hanne,10
Hans-Olof,10
Harris,10
Helke,10
Henrick,10
Hille,10
Humberto,10
Hunter,10
Iise,10
Ikenna,10
Ilmarinpoika,10
Ireneus,10
Jared,10
Jens-Erik,10
Joackim,10
Joël,10
Johny,10
Jorinpoika,10
Josias,10
Jura,10
Kajnpoika,10
Kale,10
Kallio,10
Karl-Emil,10
Karl-Magnus,10
Kasem,10
Khaleel,10
Kimani,10
Klas-Göran,10
Kristof,10
Krzysztof,10
Kåre,10
Lancelot,10
Larry,10
Latif,10
Loke,10
Luqman,10
Mahamuud,10
Malek,10
Malte,10
Marcello,10
Marian,10
Marshall,10
Mathieu,10
Matts-Erik,10
Matvei,10
Mauro,10
Maximiliam,10
Maximo,10
Mihai,10
Mikel,10
Mikkeli,10
Milad,10
Milos,10
Mino,10
Murad,10
Najim,10
Nhan,10
Nhut,10
Nick,10
Nikki,10
Nils-Göran,10
Nima,10
Noak,10
Oski,10
Panagiotis,10
Patrikki,10
Pehr-Erik,10
Peitsa,10
Per-Anders,10
Piera,10
Quoc,10
Quy,10
Rafi,10
Ragnarsson,10
Ramazan,10
Randolf,10
Riad,10
Ricky,10
Roberth,10
Romano,10
Ronan,10
Rupert,10
Ruupertti,10
Sameer,10
Samponpoika,10
Seif,10
Serge,10
Serkan,10
Shah,10
Shaker,10
Sigge,10
Stanislav,10
Stefansson,10
Storm,10
Sun,10
Sven-Åke,10
Tami,10
